Released by,Pattern directory
Kevin/sarat,/projects/ga0/patterns/ams/dbg/pcs/CPV2/051525_3/PCS0_PHY0_pllbist_gen1_2_basic_051525_3.stil
Kevin/sarat,/projects/ga0/patterns/ams/dbg/pcs/CPV2/051525_3/PCS0_PHY0_pllbist_gen1_2_debug_widle_051525_3.stil
Samuel,/projects/ga0/patterns/func/prod/0516/load_pwc_051625_1.stil
Kevin,/projects/ga0/patterns/ams/dbg/pcs/CPV2/051625_1/PCS0_PHY0_pllbist_gen1_2_debug_idx_all_051625_1.stil
Kevin,/projects/ga0/patterns/ams/dbg/pcs/CPV2/051625_1/PCS0_PHY0_pllbist_gen1_2_debug_idx_end_051625_1.stil
Kevin,/projects/ga0/patterns/ams/dbg/pcs/CPV2/051625_1/PCS0_PHY0_pllbist_gen1_2_debug_idx_mid_051625_1.stil
Kevin,/projects/ga0/patterns/ams/dbg/pcs/CPV2/051625_1/PCS0_PHY0_pllbist_gen1_2_debug_idx_pre_051625_1.stil
Kevin,/projects/ga0/patterns/ams/dbg/pcs/CPV2/051625_1/rv_phy_pcs0_fw_load_patch_4_ahb_mex_051625_1.stil
Kevin,/projects/ga0/patterns/ams/dbg/pcs/CPV2/051625_1/rv_phy_pcs0_fw_load_patch_4_apb_mex_051625_1.stil
Kevin,/projects/ga0/patterns/ams/dbg/pcs/CPV2/051625_1/rv_phy_pcs0_fw_load_patch4_sanity_051625_1.stil
Kevin,/projects/ga0/patterns/ams/dbg/pcs/CPV2/051625_1/rv_phy_pcs0_fw_load_sanity_051625_1.stil
Delbert,/projects/ga0/patterns/ams/dbg/ddns/PMAD_BIST/051625_5/glink_phy0_PMAD_BIST_nearend_lpbk_051625_6.stil
Delbert,/projects/ga0/patterns/ams/dbg/ddns/PMAD_BIST/051625_5/glink_phy1_PMAD_BIST_nearend_lpbk_051625_6.stil
Delbert,/projects/ga0/patterns/ams/dbg/ddns/PMAD_BIST/051625_5/glink_phy2_PMAD_BIST_nearend_lpbk_051625_6.stil
Delbert,/projects/ga0/patterns/ams/dbg/ddns/PMAD_BIST/051625_5/glink_phy3_PMAD_BIST_nearend_lpbk_051625_6.stil
Delbert,/projects/ga0/patterns/ams/dbg/ddns/PMAD_BIST/051625_5/glink_phy4_PMAD_BIST_nearend_lpbk_051625_6.stil
Prashanth,/projects/ga0/patterns/scan/eval/Scan/0516/rv_rcc_rcc_core0_int_sa_scan_edt_pl_051525_1.stil.gz
Prashanth,/projects/ga0/patterns/scan/eval/Scan/0516/rv_rcc_rcc_pmd_int_sa_edt_ts_051525_1.stil.gz
Prashanth,/projects/ga0/patterns/scan/eval/Scan/0516/rv_rcc_rcc_pmd_ssn_continuity_051525_1.stil.gz
Prashanth,/projects/ga0/patterns/scan/eval/Scan/0516/rv_rcc_rcc_pmd_ssn_loopback_051525_1.stil.gz
Prashanth,/projects/ga0/patterns/scan/eval/Scan/0516/rv_rcc_rcc_pmd_int_sa_chain_edt_pl_051525_1.stil.gz
Prashanth,/projects/ga0/patterns/scan/eval/Scan/0516/rv_rcc_rcc_pmd_int_sa_scan_edt_pl_051525_1.stil.gz
Prashanth,/projects/ga0/patterns/scan/eval/Scan/0516/rv_rcc_rcc_pmd_int_sa_edt_ts_051525_2.stil.gz
Prashanth,/projects/ga0/patterns/scan/eval/Scan/0516/rv_rcc_rcc_pmd_ssn_continuity_051525_2.stil.gz
Prashanth,/projects/ga0/patterns/scan/eval/Scan/0516/rv_rcc_rcc_pmd_ssn_loopback_051525_2.stil.gz
Prashanth,/projects/ga0/patterns/scan/eval/Scan/0516/rv_rcc_rcc_pmd_int_sa_chain_edt_pl_051525_2.stil.gz
Prashanth,/projects/ga0/patterns/scan/eval/Scan/0516/rv_rcc_rcc_pmd_int_sa_scan_edt_pl_051525_2.stil.gz
Prashanth,/projects/ga0/patterns/scan/eval/Scan/0516/rv_rcc_rcc_pmd_int_sa_edt_ts_051525_3.stil.gz
Prashanth,/projects/ga0/patterns/scan/eval/Scan/0516/rv_rcc_rcc_pmd_ssn_continuity_051525_3.stil.gz
Prashanth,/projects/ga0/patterns/scan/eval/Scan/0516/rv_rcc_rcc_pmd_ssn_loopback_051525_3.stil.gz
Prashanth,/projects/ga0/patterns/scan/eval/Scan/0516/rv_rcc_rcc_pmd_int_sa_chain_edt_pl_051525_3.stil.gz
Prashanth,/projects/ga0/patterns/scan/eval/Scan/0516/rv_rcc_rcc_pmd_int_sa_scan_edt_pl_051525_3.stil.gz
Prashanth,/projects/ga0/patterns/scan/eval/Scan/0516/rv_rcc_rvf_ldu_top_int_sa_edt_ts_051525_1.stil.gz
Prashanth,/projects/ga0/patterns/scan/eval/Scan/0516/rv_rcc_rvf_ldu_top_ssn_continuity_051525_1.stil.gz
Prashanth,/projects/ga0/patterns/scan/eval/Scan/0516/rv_rcc_rvf_ldu_top_ssn_loopback_051525_1.stil.gz
Prashanth,/projects/ga0/patterns/scan/eval/Scan/0516/rv_rcc_rvf_ldu_top_int_sa_chain_edt_pl_051525_1.stil.gz
Prashanth,/projects/ga0/patterns/scan/eval/Scan/0516/rv_rcc_rvf_ldu_top_int_sa_scan_edt_pl_051525_1.stil.gz
Prashanth,/projects/ga0/patterns/scan/eval/Scan/0516/rv_rcc_rvf_ldu_top_int_sa_edt_ts_051525_2.stil.gz
Prashanth,/projects/ga0/patterns/scan/eval/Scan/0516/rv_rcc_rvf_ldu_top_ssn_continuity_051525_2.stil.gz
Prashanth,/projects/ga0/patterns/scan/eval/Scan/0516/rv_rcc_rvf_ldu_top_ssn_loopback_051525_2.stil.gz
Prashanth,/projects/ga0/patterns/scan/eval/Scan/0516/rv_rcc_rvf_ldu_top_int_sa_chain_edt_pl_051525_2.stil.gz
Prashanth,/projects/ga0/patterns/scan/eval/Scan/0516/rv_rcc_rvf_ldu_top_int_sa_scan_edt_pl_051525_2.stil.gz
Delbert,/projects/ga0/patterns/ams/dbg/ddns/PMAD_BIST/051625_5/glink_phy0_PMAD_BIST_nearend_lpbk_051625_6.stil
Delbert,/projects/ga0/patterns/ams/dbg/ddns/PMAD_BIST/051625_5/glink_phy1_PMAD_BIST_nearend_lpbk_051625_6.stil
Delbert,/projects/ga0/patterns/ams/dbg/ddns/PMAD_BIST/051625_5/glink_phy2_PMAD_BIST_nearend_lpbk_051625_6.stil
Delbert,/projects/ga0/patterns/ams/dbg/ddns/PMAD_BIST/051625_5/glink_phy3_PMAD_BIST_nearend_lpbk_051625_6.stil
Delbert,/projects/ga0/patterns/ams/dbg/ddns/PMAD_BIST/051625_5/glink_phy4_PMAD_BIST_nearend_lpbk_051625_6.stil
Prashanth,/projects/ga0/patterns/scan/eval/Scan/0516/rv_ddns_rvddns_rici1_pdp_int_sa_edt_ts_051525_1.stil.gz
Prashanth,/projects/ga0/patterns/scan/eval/Scan/0516/rv_ddns_rvddns_rici1_pdp_ssn_continuity_051525_1.stil.gz
Prashanth,/projects/ga0/patterns/scan/eval/Scan/0516/rv_ddns_rvddns_rici1_pdp_ssn_loopback_051525_1.stil.gz
Prashanth,/projects/ga0/patterns/scan/eval/Scan/0516/rv_ddns_rvddns_rici1_pdp_int_sa_chain_edt_pl_051525_1.stil.gz
Prashanth,/projects/ga0/patterns/scan/eval/Scan/0516/rv_ddns_rvddns_rici1_pdp_int_sa_scan_edt_pl_051525_1.stil.gz
Jency,/projects/ga0/patterns/ams/prod/pcs/CPV2/PCS0_PHY0_pllbist_pcie_gen1_2_debug_051625_4.stil
Jency,/projects/ga0/patterns/ams/prod/pcs/CPV2/PCS0_PHY0_freqcnt_051625_2.stil
Prashanth,/projects/ga0/patterns/scan/eval/Scan/0516/rv_rcc_rcc_pmd_int_sa_edt_ts_051325_4.stil.gz
Prashanth,/projects/ga0/patterns/scan/eval/Scan/0516/rv_rcc_rcc_pmd_ssn_continuity_051325_4.stil.gz
Prashanth,/projects/ga0/patterns/scan/eval/Scan/0516/rv_rcc_rcc_pmd_ssn_loopback_051325_4.stil.gz
Prashanth,/projects/ga0/patterns/scan/eval/Scan/0516/rv_rcc_rcc_pmd_int_sa_chain_edt_pl_051325_4.stil.gz
Prashanth,/projects/ga0/patterns/scan/eval/Scan/0516/rv_rcc_rcc_pmd_int_sa_scan_edt_pl_051325_4.stil.gz
CC,/projects/ga0/patterns/func/eval/051625/ffonly_sz131072_of0_i1000_bup_core0_info_051625_1.stil
CC,/projects/ga0/patterns/func/eval/051625/ffonly_sz131072_of0_i1000_bup_core0_051625_1.stil
CC,/projects/ga0/patterns/func/eval/051625/gaps_first_sz131072_of0_i1000_bup_core0_info_051625_1.stil
CC,/projects/ga0/patterns/func/eval/051625/gaps_first_sz131072_of0_i1000_bup_core0_051625_1.stil
CC,/projects/ga0/patterns/func/eval/051625/gaps_inner_sz131072_of0_i1000_bup_core0_info_051625_1.stil
CC,/projects/ga0/patterns/func/eval/051625/gaps_inner_sz131072_of0_i1000_bup_core0_051625_1.stil
CC,/projects/ga0/patterns/func/eval/051625/gaps_last_sz131072_of0_i1000_bup_core0_info_051625_1.stil
CC,/projects/ga0/patterns/func/eval/051625/gaps_last_sz131072_of0_i1000_bup_core0_051625_1.stil
CC,/projects/ga0/patterns/func/eval/051625/gaps_outer_sz131072_of0_i1000_bup_core0_info_051625_1.stil
CC,/projects/ga0/patterns/func/eval/051625/gaps_outer_sz131072_of0_i1000_bup_core0_051625_1.stil
CC,/projects/ga0/patterns/func/eval/051625/jump_to_self_sz0_of0_i1000000_bup_core0_info_051625_1.stil
CC,/projects/ga0/patterns/func/eval/051625/jump_to_self_sz0_of0_i1000000_bup_core0_051625_1.stil
CC,/projects/ga0/patterns/func/eval/051625/lui2_sz131072_of0_i1000_bup_core0_info_051625_1.stil
CC,/projects/ga0/patterns/func/eval/051625/lui2_sz131072_of0_i1000_bup_core0_051625_1.stil
CC,/projects/ga0/patterns/func/eval/051625/lui2_sz32768_of0_i1000_bup_core0_info_051625_1.stil
CC,/projects/ga0/patterns/func/eval/051625/lui2_sz32768_of0_i1000_bup_core0_051625_1.stil
CC,/projects/ga0/patterns/func/eval/051625/lui2_sz65536_of0_i1000_bup_core0_info_051625_1.stil
CC,/projects/ga0/patterns/func/eval/051625/lui2_sz65536_of0_i1000_bup_core0_051625_1.stil
CC,/projects/ga0/patterns/func/eval/051625/lui_sz131072_of0_i1000_bup_core0_info_051625_1.stil
CC,/projects/ga0/patterns/func/eval/051625/lui_sz131072_of0_i1000_bup_core0_051625_1.stil
CC,/projects/ga0/patterns/func/eval/051625/lui_sz32768_of0_i1000_bup_core0_info_051625_1.stil
CC,/projects/ga0/patterns/func/eval/051625/lui_sz32768_of0_i1000_bup_core0_051625_1.stil
CC,/projects/ga0/patterns/func/eval/051625/lui_sz65536_of0_i1000_bup_core0_info_051625_1.stil
CC,/projects/ga0/patterns/func/eval/051625/lui_sz65536_of0_i1000_bup_core0_051625_1.stil
Kevin,/projects/ga0/patterns/ams/dbg/pcs/CPV2/051625_1/rv_phy_pcs0_fw_load_sanity_large_051625_2.stil
Kevin,/projects/ga0/patterns/ams/dbg/pcs/CPV2/051625_1/rv_phy_pcs0_fw_load_sanity_med_051625_2.stil