update name,Flow Name,Flow Location
rva_dpa_grid_ddp_sub_grid_ddp_x0_sub_grid_x0_y0_PE0_int_sa_chain_edt,GF_rva_dpa_grid_ddp_sub_grid_ddp_x0_sub_grid_x0_y0_PE0_int_sa_chain_edt_pl_NV,DEBUG_0502_NOON_Scan
rva_dpa_grid_ddp_sub_grid_ddp_x0_sub_grid_x0_y0_PE1_int_sa_scan_edt,GF_rva_dpa_grid_ddp_sub_grid_ddp_x0_sub_grid_x0_y0_PE1_int_sa_scan_edt_pl_NV,debug_0505_noon_scan
rva_dpa_grid_ddp_sub_grid_ddp_x0_sub_grid_x0_y1_PE3_int_sa_chain_edt,GF_rva_dpa_grid_ddp_sub_grid_ddp_x0_sub_grid_x0_y1_PE3_int_sa_chain_edt_pl_NV,debug_0505_noon_scan
rva_dpa_grid_ddp_sub_grid_ddp_x0_sub_grid_x0_y1_PE3_int_sa_scan_edt,GF_rva_dpa_grid_ddp_sub_grid_ddp_x0_sub_grid_x0_y1_PE3_int_sa_scan_edt_pl_NV,debug_0505_noon_scan
rva_dpa_grid_ddp_sub_grid_ddp_x0_sub_grid_x0_y2_PE4_int_sa_chain_edt,GF_rva_dpa_grid_ddp_sub_grid_ddp_x0_sub_grid_x0_y2_PE4_int_sa_chain_edt_pl_NV,debug_0505_noon_scan
rva_dpa_grid_ddp_sub_grid_ddp_x0_sub_grid_x0_y2_PE4_int_sa_scan_edt,GF_rva_dpa_grid_ddp_sub_grid_ddp_x0_sub_grid_x0_y2_PE4_int_sa_scan_edt_pl_NV,debug_0505_noon_scan
rva_dpa_grid_ddp_sub_grid_ddp_x0_sub_grid_x0_y2_PE5_int_sa_chain_edt,GF_rva_dpa_grid_ddp_sub_grid_ddp_x0_sub_grid_x0_y2_PE5_int_sa_chain_edt_pl_NV,debug_0505_noon_scan
rva_dpa_grid_ddp_sub_grid_ddp_x0_sub_grid_x0_y2_PE5_int_sa_scan_edt,GF_rva_dpa_grid_ddp_sub_grid_ddp_x0_sub_grid_x0_y2_PE5_int_sa_scan_edt_pl_NV,debug_0505_noon_scan
rva_dpa_grid_ddp_sub_grid_ddp_x0_sub_grid_x0_y3_PE6_int_sa_chain_edt,GF_rva_dpa_grid_ddp_sub_grid_ddp_x0_sub_grid_x0_y3_PE6_int_sa_chain_edt_pl_NV,debug_0505_noon_scan
rva_dpa_grid_ddp_sub_grid_ddp_x0_sub_grid_x0_y3_PE6_int_sa_scan_edt,GF_rva_dpa_grid_ddp_sub_grid_ddp_x0_sub_grid_x0_y3_PE6_int_sa_scan_edt_pl_NV,debug_0505_noon_scan
rva_dpa_grid_ddp_sub_grid_ddp_x0_sub_grid_x0_y3_PE7_int_sa_chain_edt,GF_rva_dpa_grid_ddp_sub_grid_ddp_x0_sub_grid_x0_y3_PE7_int_sa_chain_edt_pl_NV,debug_0505_noon_scan
rva_dpa_grid_ddp_sub_grid_ddp_x0_sub_grid_x0_y3_PE7_int_sa_scan_edt,GF_rva_dpa_grid_ddp_sub_grid_ddp_x0_sub_grid_x0_y3_PE7_int_sa_scan_edt_pl_NV,debug_0505_noon_scan
rva_dpa_grid_ddp_sub_grid_ddp_x0_sub_grid_x1_y0_PE8_int_sa_chain_edt,GF_rva_dpa_grid_ddp_sub_grid_ddp_x0_sub_grid_x1_y0_PE8_int_sa_chain_edt_pl_NV,debug_0505_noon_scan
rva_dpa_grid_ddp_sub_grid_ddp_x0_sub_grid_x1_y0_PE8_int_sa_scan_edt,GF_rva_dpa_grid_ddp_sub_grid_ddp_x0_sub_grid_x1_y0_PE8_int_sa_scan_edt_pl_NV,debug_0505_noon_scan
rva_dpa_grid_ddp_sub_grid_ddp_x0_sub_grid_x1_y0_PE9_int_sa_chain_edt,GF_rva_dpa_grid_ddp_sub_grid_ddp_x0_sub_grid_x1_y0_PE9_int_sa_chain_edt_pl_NV,debug_0508_m2_Scan
rva_dpa_grid_ddp_sub_grid_ddp_x0_sub_grid_x1_y0_PE9_int_sa_scan_edt,GF_rva_dpa_grid_ddp_sub_grid_ddp_x0_sub_grid_x1_y0_PE9_int_sa_scan_edt_pl_NV,debug_0508_m2_Scan
rva_dpa_grid_ddp_sub_grid_ddp_x0_sub_grid_x1_y1_PE10_int_sa_chain_edt,GF_rva_dpa_grid_ddp_sub_grid_ddp_x0_sub_grid_x1_y1_PE10_int_sa_chain_edt_pl_NV,debug_0508_m2_Scan
rva_dpa_grid_ddp_sub_grid_ddp_x0_sub_grid_x1_y1_PE10_int_sa_scan_edt,GF_rva_dpa_grid_ddp_sub_grid_ddp_x0_sub_grid_x1_y1_PE10_int_sa_scan_edt_pl_NV,debug_0508_m2_Scan
rva_dpa_grid_ddp_sub_grid_ddp_x0_sub_grid_x1_y1_PE11_int_sa_chain_edt,GF_rva_dpa_grid_ddp_sub_grid_ddp_x0_sub_grid_x1_y1_PE11_int_sa_chain_edt_pl_NV,debug_0508_m2_Scan
rva_dpa_grid_ddp_sub_grid_ddp_x0_sub_grid_x1_y1_PE11_int_sa_scan_edt,GF_rva_dpa_grid_ddp_sub_grid_ddp_x0_sub_grid_x1_y1_PE11_int_sa_scan_edt_pl_NV,debug_0508_m2_Scan
rva_dpa_grid_ddp_sub_grid_ddp_x0_sub_grid_x1_y2_PE12_int_sa_chain_edt,GF_rva_dpa_grid_ddp_sub_grid_ddp_x0_sub_grid_x1_y2_PE12_int_sa_chain_edt_pl_NV,debug_0508_m2_Scan
rva_dpa_grid_ddp_sub_grid_ddp_x0_sub_grid_x1_y2_PE12_int_sa_scan_edt,GF_rva_dpa_grid_ddp_sub_grid_ddp_x0_sub_grid_x1_y2_PE12_int_sa_scan_edt_pl_NV,debug_0508_m2_Scan
rva_dpa_grid_ddp_sub_grid_ddp_x0_sub_grid_x1_y2_PE13_int_sa_chain_edt,GF_rva_dpa_grid_ddp_sub_grid_ddp_x0_sub_grid_x1_y2_PE13_int_sa_chain_edt_pl_NV,debug_0508_m2_Scan
rva_dpa_grid_ddp_sub_grid_ddp_x0_sub_grid_x1_y2_PE13_int_sa_scan_edt,GF_rva_dpa_grid_ddp_sub_grid_ddp_x0_sub_grid_x1_y2_PE13_int_sa_scan_edt_pl_NV,debug_0508_m2_Scan
rva_dpa_grid_ddp_sub_grid_ddp_x0_sub_grid_x1_y3_PE14_int_sa_chain_edt,GF_rva_dpa_grid_ddp_sub_grid_ddp_x0_sub_grid_x1_y3_PE14_int_sa_chain_edt_pl_NV,debug_0508_m2_Scan
rva_dpa_grid_ddp_sub_grid_ddp_x0_sub_grid_x1_y3_PE14_int_sa_scan_edt,GF_rva_dpa_grid_ddp_sub_grid_ddp_x0_sub_grid_x1_y3_PE14_int_sa_scan_edt_pl_NV,debug_0508_m2_Scan
rva_dpa_grid_ddp_sub_grid_ddp_x0_sub_grid_x1_y3_PE15_int_sa_chain_edt,GF_rva_dpa_grid_ddp_sub_grid_ddp_x0_sub_grid_x1_y3_PE15_int_sa_chain_edt_pl_NV,debug_0508_m2_Scan
rva_dpa_grid_ddp_sub_grid_ddp_x0_sub_grid_x1_y3_PE15_int_sa_scan_edt,GF_rva_dpa_grid_ddp_sub_grid_ddp_x0_sub_grid_x1_y3_PE15_int_sa_scan_edt_pl_NV,debug_0508_m2_Scan
rva_dpa_grid_ddp_sub_grid_ddp_x1_sub_grid_x0_y0_PE16_int_sa_chain_edt,GF_rva_dpa_grid_ddp_sub_grid_ddp_x1_sub_grid_x0_y0_PE16_int_sa_chain_edt_pl_NV,debug_0510_m1_Scan
rva_dpa_grid_ddp_sub_grid_ddp_x1_sub_grid_x0_y0_PE16_int_sa_scan_edt,GF_rva_dpa_grid_ddp_sub_grid_ddp_x1_sub_grid_x0_y0_PE16_int_sa_scan_edt_pl_NV,debug_0510_m1_Scan
rva_dpa_grid_ddp_sub_grid_ddp_x1_sub_grid_x0_y0_PE17_int_sa_chain_edt,GF_rva_dpa_grid_ddp_sub_grid_ddp_x1_sub_grid_x0_y0_PE17_int_sa_chain_edt_pl_NV,debug_0512_n1_Scan
rva_dpa_grid_ddp_sub_grid_ddp_x1_sub_grid_x0_y0_PE17_int_sa_scan_edt,GF_rva_dpa_grid_ddp_sub_grid_ddp_x1_sub_grid_x0_y0_PE17_int_sa_scan_edt_pl_NV,debug_0512_n1_Scan
rva_dpa_grid_ddp_sub_grid_ddp_x1_sub_grid_x0_y1_PE18_int_sa_chain_edt,GF_rva_dpa_grid_ddp_sub_grid_ddp_x1_sub_grid_x0_y1_PE18_int_sa_chain_edt_pl_NV,debug_0512_n1_Scan
rva_dpa_grid_ddp_sub_grid_ddp_x1_sub_grid_x0_y1_PE18_int_sa_scan_edt,GF_rva_dpa_grid_ddp_sub_grid_ddp_x1_sub_grid_x0_y1_PE18_int_sa_scan_edt_pl_NV,debug_0512_n1_Scan
rva_dpa_grid_ddp_sub_grid_ddp_x1_sub_grid_x0_y1_PE19_int_sa_chain_edt,GF_rva_dpa_grid_ddp_sub_grid_ddp_x1_sub_grid_x0_y1_PE19_int_sa_chain_edt_pl_NV,debug_0512_n1_Scan
rva_dpa_grid_ddp_sub_grid_ddp_x1_sub_grid_x0_y1_PE19_int_sa_scan_edt,GF_rva_dpa_grid_ddp_sub_grid_ddp_x1_sub_grid_x0_y1_PE19_int_sa_scan_edt_pl_NV,debug_0512_n1_Scan
rva_dpa_grid_ddp_sub_grid_ddp_x1_sub_grid_x0_y2_PE20_int_sa_chain_edt,GF_rva_dpa_grid_ddp_sub_grid_ddp_x1_sub_grid_x0_y2_PE20_int_sa_chain_edt_pl_NV,debug_0509_n1_Scan
rva_dpa_grid_ddp_sub_grid_ddp_x1_sub_grid_x0_y2_PE20_int_sa_scan_edt,GF_rva_dpa_grid_ddp_sub_grid_ddp_x1_sub_grid_x0_y2_PE20_int_sa_scan_edt_pl_NV,debug_0509_n1_Scan
rva_dpa_grid_ddp_sub_grid_ddp_x1_sub_grid_x0_y2_PE21_int_sa_chain_edt,GF_rva_dpa_grid_ddp_sub_grid_ddp_x1_sub_grid_x0_y2_PE21_int_sa_chain_edt_pl_NV,debug_0514_n1_Scan
rva_dpa_grid_ddp_sub_grid_ddp_x1_sub_grid_x0_y2_PE21_int_sa_scan_edt,GF_rva_dpa_grid_ddp_sub_grid_ddp_x1_sub_grid_x0_y2_PE21_int_sa_scan_edt_pl_NV,debug_0514_n1_Scan
rva_dpa_grid_ddp_sub_grid_ddp_x1_sub_grid_x0_y3_PE22_int_sa_chain_edt,GF_rva_dpa_grid_ddp_sub_grid_ddp_x1_sub_grid_x0_y3_PE22_int_sa_chain_edt_pl_NV,debug_0509_n1_Scan
rva_dpa_grid_ddp_sub_grid_ddp_x1_sub_grid_x0_y3_PE22_int_sa_scan_edt,GF_rva_dpa_grid_ddp_sub_grid_ddp_x1_sub_grid_x0_y3_PE22_int_sa_scan_edt_pl_NV,debug_0509_n1_Scan
rva_dpa_grid_ddp_sub_grid_ddp_x1_sub_grid_x0_y3_PE23_int_sa_chain_edt,GF_rva_dpa_grid_ddp_sub_grid_ddp_x1_sub_grid_x0_y3_PE23_int_sa_chain_edt_pl_NV,debug_0509_n1_Scan
rva_dpa_grid_ddp_sub_grid_ddp_x1_sub_grid_x0_y3_PE23_int_sa_scan_edt,GF_rva_dpa_grid_ddp_sub_grid_ddp_x1_sub_grid_x0_y3_PE23_int_sa_scan_edt_pl_NV,debug_0509_n1_Scan
rva_dpa_grid_ddp_sub_grid_ddp_x1_sub_grid_x1_y0_PE24_int_sa_chain_edt,GF_rva_dpa_grid_ddp_sub_grid_ddp_x1_sub_grid_x1_y0_PE24_int_sa_chain_edt_pl_NV,debug_0509_n1_Scan
rva_dpa_grid_ddp_sub_grid_ddp_x1_sub_grid_x1_y0_PE24_int_sa_scan_edt,GF_rva_dpa_grid_ddp_sub_grid_ddp_x1_sub_grid_x1_y0_PE24_int_sa_scan_edt_pl_NV,debug_0509_n1_Scan
rva_dpa_grid_ddp_sub_grid_ddp_x1_sub_grid_x1_y0_PE25_int_sa_chain_edt,GF_rva_dpa_grid_ddp_sub_grid_ddp_x1_sub_grid_x1_y0_PE25_int_sa_chain_edt_pl_NV,debug_0509_n1_Scan
rva_dpa_grid_ddp_sub_grid_ddp_x1_sub_grid_x1_y0_PE25_int_sa_scan_edt,GF_rva_dpa_grid_ddp_sub_grid_ddp_x1_sub_grid_x1_y0_PE25_int_sa_scan_edt_pl_NV,debug_0509_n1_Scan
rva_dpa_grid_ddp_sub_grid_ddp_x1_sub_grid_x1_y1_PE26_int_sa_chain_edt,GF_rva_dpa_grid_ddp_sub_grid_ddp_x1_sub_grid_x1_y1_PE26_int_sa_chain_edt_pl_NV,debug_0512_m1_scan
rva_dpa_grid_ddp_sub_grid_ddp_x1_sub_grid_x1_y1_PE26_int_sa_scan_edt,GF_rva_dpa_grid_ddp_sub_grid_ddp_x1_sub_grid_x1_y1_PE26_int_sa_scan_edt_pl_NV,debug_0512_m1_scan
rva_dpa_grid_ddp_sub_grid_ddp_x1_sub_grid_x1_y1_PE27_int_sa_chain_edt,GF_rva_dpa_grid_ddp_sub_grid_ddp_x1_sub_grid_x1_y1_PE27_int_sa_chain_edt_pl_NV,debug_0512_m1_scan
rva_dpa_grid_ddp_sub_grid_ddp_x1_sub_grid_x1_y1_PE27_int_sa_scan_edt,GF_rva_dpa_grid_ddp_sub_grid_ddp_x1_sub_grid_x1_y1_PE27_int_sa_scan_edt_pl_NV,debug_0512_m1_scan
rva_dpa_grid_ddp_sub_grid_ddp_x1_sub_grid_x1_y2_PE28_int_sa_chain_edt,GF_rva_dpa_grid_ddp_sub_grid_ddp_x1_sub_grid_x1_y2_PE28_int_sa_chain_edt_pl_NV,debug_0509_n1_Scan
rva_dpa_grid_ddp_sub_grid_ddp_x1_sub_grid_x1_y2_PE28_int_sa_scan_edt,GF_rva_dpa_grid_ddp_sub_grid_ddp_x1_sub_grid_x1_y2_PE28_int_sa_scan_edt_pl_NV,debug_0509_n1_Scan
rva_dpa_grid_ddp_sub_grid_ddp_x1_sub_grid_x1_y2_PE29_int_sa_chain_edt,GF_rva_dpa_grid_ddp_sub_grid_ddp_x1_sub_grid_x1_y2_PE29_int_sa_chain_edt_pl_NV,debug_0512_m1_scan
rva_dpa_grid_ddp_sub_grid_ddp_x1_sub_grid_x1_y2_PE29_int_sa_scan_edt,GF_rva_dpa_grid_ddp_sub_grid_ddp_x1_sub_grid_x1_y2_PE29_int_sa_scan_edt_pl_NV,debug_0512_m1_scan
rva_dpa_grid_ddp_sub_grid_ddp_x1_sub_grid_x1_y3_PE30_int_sa_chain_edt,GF_rva_dpa_grid_ddp_sub_grid_ddp_x1_sub_grid_x1_y3_PE30_int_sa_chain_edt_pl_NV,debug_0512_m1_scan
rva_dpa_grid_ddp_sub_grid_ddp_x1_sub_grid_x1_y3_PE30_int_sa_scan_edt,GF_rva_dpa_grid_ddp_sub_grid_ddp_x1_sub_grid_x1_y3_PE30_int_sa_scan_edt_pl_NV,debug_0512_m1_scan
rva_dpa_grid_ddp_sub_grid_ddp_x1_sub_grid_x1_y3_PE31_int_sa_chain_edt,GF_rva_dpa_grid_ddp_sub_grid_ddp_x1_sub_grid_x1_y3_PE31_int_sa_chain_edt_pl_NV,debug_0513_m1
rva_dpa_grid_ddp_sub_grid_ddp_x1_sub_grid_x1_y3_PE31_int_sa_scan_edt,GF_rva_dpa_grid_ddp_sub_grid_ddp_x1_sub_grid_x1_y3_PE31_int_sa_scan_edt_pl_NV,debug_0513_m1
rva_dpa_grid_ddp_sub_grid_ddp_x2_sub_grid_x0_y0_PE32_int_sa_chain_edt,GF_rva_dpa_grid_ddp_sub_grid_ddp_x2_sub_grid_x0_y0_PE32_int_sa_chain_edt_pl_NV,debug_0512_n1_Scan
rva_dpa_grid_ddp_sub_grid_ddp_x2_sub_grid_x0_y0_PE32_int_sa_scan_edt,GF_rva_dpa_grid_ddp_sub_grid_ddp_x2_sub_grid_x0_y0_PE32_int_sa_scan_edt_pl_NV,debug_0512_n1_Scan
rva_dpa_grid_ddp_sub_grid_ddp_x2_sub_grid_x0_y0_PE33_int_sa_chain_edt,GF_rva_dpa_grid_ddp_sub_grid_ddp_x2_sub_grid_x0_y0_PE33_int_sa_chain_edt_pl_NV,debug_0512_n1_Scan
rva_dpa_grid_ddp_sub_grid_ddp_x2_sub_grid_x0_y0_PE33_int_sa_scan_edt,GF_rva_dpa_grid_ddp_sub_grid_ddp_x2_sub_grid_x0_y0_PE33_int_sa_scan_edt_pl_NV,debug_0512_n1_Scan
rva_dpa_grid_ddp_sub_grid_ddp_x2_sub_grid_x0_y1_PE34_int_sa_chain_edt,GF_rva_dpa_grid_ddp_sub_grid_ddp_x2_sub_grid_x0_y1_PE34_int_sa_chain_edt_pl_NV,debug_0512_n1_Scan
rva_dpa_grid_ddp_sub_grid_ddp_x2_sub_grid_x0_y1_PE34_int_sa_scan_edt,GF_rva_dpa_grid_ddp_sub_grid_ddp_x2_sub_grid_x0_y1_PE34_int_sa_scan_edt_pl_NV,debug_0512_n1_Scan
rva_dpa_grid_ddp_sub_grid_ddp_x2_sub_grid_x0_y1_PE35_int_sa_chain_edt,GF_rva_dpa_grid_ddp_sub_grid_ddp_x2_sub_grid_x0_y1_PE35_int_sa_chain_edt_pl_NV,debug_0514_n1_Scan
rva_dpa_grid_ddp_sub_grid_ddp_x2_sub_grid_x0_y1_PE35_int_sa_scan_edt,GF_rva_dpa_grid_ddp_sub_grid_ddp_x2_sub_grid_x0_y1_PE35_int_sa_scan_edt_pl_NV,debug_0514_n1_Scan
rva_dpa_grid_ddp_sub_grid_ddp_x2_sub_grid_x0_y2_PE36_int_sa_chain_edt,GF_rva_dpa_grid_ddp_sub_grid_ddp_x2_sub_grid_x0_y2_PE36_int_sa_chain_edt_pl_NV,debug_0512_n1_Scan
rva_dpa_grid_ddp_sub_grid_ddp_x2_sub_grid_x0_y2_PE36_int_sa_scan_edt,GF_rva_dpa_grid_ddp_sub_grid_ddp_x2_sub_grid_x0_y2_PE36_int_sa_scan_edt_pl_NV,debug_0512_n1_Scan
rva_dpa_grid_ddp_sub_grid_ddp_x2_sub_grid_x0_y2_PE37_int_sa_chain_edt,GF_rva_dpa_grid_ddp_sub_grid_ddp_x2_sub_grid_x0_y2_PE37_int_sa_chain_edt_pl_NV,debug_0512_n1_Scan
rva_dpa_grid_ddp_sub_grid_ddp_x2_sub_grid_x0_y2_PE37_int_sa_scan_edt,GF_rva_dpa_grid_ddp_sub_grid_ddp_x2_sub_grid_x0_y2_PE37_int_sa_scan_edt_pl_NV,debug_0512_n1_Scan
rva_dpa_grid_ddp_sub_grid_ddp_x2_sub_grid_x0_y3_PE38_int_sa_chain_edt,GF_rva_dpa_grid_ddp_sub_grid_ddp_x2_sub_grid_x0_y3_PE38_int_sa_chain_edt_pl_NV,debug_0512_n1_Scan
rva_dpa_grid_ddp_sub_grid_ddp_x2_sub_grid_x0_y3_PE38_int_sa_scan_edt,GF_rva_dpa_grid_ddp_sub_grid_ddp_x2_sub_grid_x0_y3_PE38_int_sa_scan_edt_pl_NV,debug_0512_n1_Scan
rva_dpa_grid_ddp_sub_grid_ddp_x2_sub_grid_x0_y3_PE39_int_sa_chain_edt,GF_rva_dpa_grid_ddp_sub_grid_ddp_x2_sub_grid_x0_y3_PE39_int_sa_chain_edt_pl_NV,debug_0512_n1_Scan
rva_dpa_grid_ddp_sub_grid_ddp_x2_sub_grid_x0_y3_PE39_int_sa_scan_edt,GF_rva_dpa_grid_ddp_sub_grid_ddp_x2_sub_grid_x0_y3_PE39_int_sa_scan_edt_pl_NV,debug_0512_n1_Scan
rva_dpa_grid_ddp_sub_grid_ddp_x2_sub_grid_x1_y0_PE40_int_sa_chain_edt,GF_rva_dpa_grid_ddp_sub_grid_ddp_x2_sub_grid_x1_y0_PE40_int_sa_chain_edt_pl_NV,debug_0512_m1_scan
rva_dpa_grid_ddp_sub_grid_ddp_x2_sub_grid_x1_y0_PE40_int_sa_scan_edt,GF_rva_dpa_grid_ddp_sub_grid_ddp_x2_sub_grid_x1_y0_PE40_int_sa_scan_edt_pl_NV,debug_0512_m1_scan
rva_dpa_grid_ddp_sub_grid_ddp_x2_sub_grid_x1_y0_PE41_int_sa_chain_edt,GF_rva_dpa_grid_ddp_sub_grid_ddp_x2_sub_grid_x1_y0_PE41_int_sa_chain_edt_pl_NV,debug_0512_m1_scan
rva_dpa_grid_ddp_sub_grid_ddp_x2_sub_grid_x1_y0_PE41_int_sa_scan_edt,GF_rva_dpa_grid_ddp_sub_grid_ddp_x2_sub_grid_x1_y0_PE41_int_sa_scan_edt_pl_NV,debug_0512_m1_scan
rva_dpa_grid_ddp_sub_grid_ddp_x2_sub_grid_x1_y1_PE42_int_sa_chain_edt,GF_rva_dpa_grid_ddp_sub_grid_ddp_x2_sub_grid_x1_y1_PE42_int_sa_chain_edt_pl_NV,debug_0512_m1_scan
rva_dpa_grid_ddp_sub_grid_ddp_x2_sub_grid_x1_y1_PE42_int_sa_scan_edt,GF_rva_dpa_grid_ddp_sub_grid_ddp_x2_sub_grid_x1_y1_PE42_int_sa_scan_edt_pl_NV,debug_0512_m1_scan
rva_dpa_grid_ddp_sub_grid_ddp_x2_sub_grid_x1_y1_PE43_int_sa_chain_edt,GF_rva_dpa_grid_ddp_sub_grid_ddp_x2_sub_grid_x1_y1_PE43_int_sa_chain_edt_pl_NV,debug_0512_m1_scan
rva_dpa_grid_ddp_sub_grid_ddp_x2_sub_grid_x1_y1_PE43_int_sa_scan_edt,GF_rva_dpa_grid_ddp_sub_grid_ddp_x2_sub_grid_x1_y1_PE43_int_sa_scan_edt_pl_NV,debug_0512_m1_scan
rva_dpa_grid_ddp_sub_grid_ddp_x2_sub_grid_x1_y2_PE44_int_sa_chain_edt,GF_rva_dpa_grid_ddp_sub_grid_ddp_x2_sub_grid_x1_y2_PE44_int_sa_chain_edt_pl_NV,debug_0512_m1_scan
rva_dpa_grid_ddp_sub_grid_ddp_x2_sub_grid_x1_y2_PE44_int_sa_scan_edt,GF_rva_dpa_grid_ddp_sub_grid_ddp_x2_sub_grid_x1_y2_PE44_int_sa_scan_edt_pl_NV,debug_0512_m1_scan
rva_dpa_grid_ddp_sub_grid_ddp_x2_sub_grid_x1_y2_PE45_int_sa_chain_edt,GF_rva_dpa_grid_ddp_sub_grid_ddp_x2_sub_grid_x1_y2_PE45_int_sa_chain_edt_pl_NV,debug_0512_m1_scan
rva_dpa_grid_ddp_sub_grid_ddp_x2_sub_grid_x1_y2_PE45_int_sa_scan_edt,GF_rva_dpa_grid_ddp_sub_grid_ddp_x2_sub_grid_x1_y2_PE45_int_sa_scan_edt_pl_NV,debug_0512_m1_scan
rva_dpa_grid_ddp_sub_grid_ddp_x2_sub_grid_x1_y3_PE46_int_sa_chain_edt,GF_rva_dpa_grid_ddp_sub_grid_ddp_x2_sub_grid_x1_y3_PE46_int_sa_chain_edt_pl_NV,debug_0512_m1_scan
rva_dpa_grid_ddp_sub_grid_ddp_x2_sub_grid_x1_y3_PE46_int_sa_scan_edt,GF_rva_dpa_grid_ddp_sub_grid_ddp_x2_sub_grid_x1_y3_PE46_int_sa_scan_edt_pl_NV,debug_0512_m1_scan
rva_dpa_grid_ddp_sub_grid_ddp_x2_sub_grid_x1_y3_PE47_int_sa_chain_edt,GF_rva_dpa_grid_ddp_sub_grid_ddp_x2_sub_grid_x1_y3_PE47_int_sa_chain_edt_pl_NV,debug_0514_n1_Scan
rva_dpa_grid_ddp_sub_grid_ddp_x2_sub_grid_x1_y3_PE47_int_sa_scan_edt,GF_rva_dpa_grid_ddp_sub_grid_ddp_x2_sub_grid_x1_y3_PE47_int_sa_scan_edt_pl_NV,debug_0514_n1_Scan
rva_dpa_grid_ddp_sub_grid_ddp_x3_sub_grid_x0_y0_PE48_int_sa_chain_edt,GF_rva_dpa_grid_ddp_sub_grid_ddp_x3_sub_grid_x0_y0_PE48_int_sa_chain_edt_pl_NV,debug_0514_n1_Scan
rva_dpa_grid_ddp_sub_grid_ddp_x3_sub_grid_x0_y0_PE48_int_sa_scan_edt,GF_rva_dpa_grid_ddp_sub_grid_ddp_x3_sub_grid_x0_y0_PE48_int_sa_scan_edt_pl_NV,debug_0514_n1_Scan
rva_dpa_grid_ddp_sub_grid_ddp_x3_sub_grid_x0_y0_PE49_int_sa_chain_edt,GF_rva_dpa_grid_ddp_sub_grid_ddp_x3_sub_grid_x0_y1_PE49_int_sa_chain_edt_pl_NV,debug_0514_n1_Scan
rva_dpa_grid_ddp_sub_grid_ddp_x3_sub_grid_x0_y1_PE49_int_sa_scan_edt_pl,GF_rva_dpa_grid_ddp_sub_grid_ddp_x3_sub_grid_x0_y1_PE49_int_sa_scan_edt_pl_NV,debug_0514_n1_Scan
rva_dpa_grid_ddp_sub_grid_ddp_x3_sub_grid_x0_y1_PE50_int_sa_chain_edt,GF_rva_dpa_grid_ddp_sub_grid_ddp_x3_sub_grid_x0_y1_PE50_int_sa_chain_edt_pl_NV,debug_0512_m1_scan
rva_dpa_grid_ddp_sub_grid_ddp_x3_sub_grid_x0_y1_PE50_int_sa_scan_edt,GF_rva_dpa_grid_ddp_sub_grid_ddp_x3_sub_grid_x0_y1_PE50_int_sa_scan_edt_pl_NV,debug_0512_m1_scan
rva_dpa_grid_ddp_sub_grid_ddp_x3_sub_grid_x0_y1_PE51_int_sa_chain_edt,GF_rva_dpa_grid_ddp_sub_grid_ddp_x3_sub_grid_x0_y1_PE51_int_sa_chain_edt_pl_NV,debug_0514_n1_Scan
rva_dpa_grid_ddp_sub_grid_ddp_x3_sub_grid_x0_y1_PE51_int_sa_scan_edt,GF_rva_dpa_grid_ddp_sub_grid_ddp_x3_sub_grid_x0_y1_PE51_int_sa_scan_edt_pl_NV,debug_0514_n1_Scan
rva_dpa_grid_ddp_sub_grid_ddp_x3_sub_grid_x0_y2_PE52_int_sa_chain_edt,GF_rva_dpa_grid_ddp_sub_grid_ddp_x3_sub_grid_x0_y2_PE52_int_sa_chain_edt_pl_NV,debug_0513_m1
rva_dpa_grid_ddp_sub_grid_ddp_x3_sub_grid_x0_y2_PE52_int_sa_scan_edt,GF_rva_dpa_grid_ddp_sub_grid_ddp_x3_sub_grid_x0_y2_PE52_int_sa_scan_edt_pl_NV,debug_0513_m1
rva_dpa_grid_ddp_sub_grid_ddp_x3_sub_grid_x0_y2_PE53_int_sa_chain_edt,GF_rva_dpa_grid_ddp_sub_grid_ddp_x3_sub_grid_x0_y2_PE53_int_sa_chain_edt_pl_NV,debug_0513_m1
rva_dpa_grid_ddp_sub_grid_ddp_x3_sub_grid_x0_y2_PE53_int_sa_scan_edt,GF_rva_dpa_grid_ddp_sub_grid_ddp_x3_sub_grid_x0_y2_PE53_int_sa_scan_edt_pl_NV,debug_0513_m1
rva_dpa_grid_ddp_sub_grid_ddp_x3_sub_grid_x0_y3_PE54_int_sa_chain_edt,GF_rva_dpa_grid_ddp_sub_grid_ddp_x3_sub_grid_x0_y3_PE54_int_sa_chain_edt_pl_NV,debug_0514_n1_Scan
rva_dpa_grid_ddp_sub_grid_ddp_x3_sub_grid_x0_y3_PE54_int_sa_scan_edt,GF_rva_dpa_grid_ddp_sub_grid_ddp_x3_sub_grid_x0_y3_PE54_int_sa_scan_edt_pl_NV,debug_0514_n1_Scan
rva_dpa_grid_ddp_sub_grid_ddp_x3_sub_grid_x0_y3_PE55_int_sa_chain_edt,GF_rva_dpa_grid_ddp_sub_grid_ddp_x3_sub_grid_x0_y3_PE55_int_sa_chain_edt_pl_NV,debug_0513_m1
rva_dpa_grid_ddp_sub_grid_ddp_x3_sub_grid_x0_y3_PE55_int_sa_scan_edt,GF_rva_dpa_grid_ddp_sub_grid_ddp_x3_sub_grid_x0_y3_PE55_int_sa_scan_edt_pl_NV,debug_0513_m1
rva_dpa_grid_ddp_sub_grid_ddp_x3_sub_grid_x1_y0_PE56_int_sa_chain_edt,GF_rva_dpa_grid_ddp_sub_grid_ddp_x3_sub_grid_x1_y0_PE56_int_sa_chain_edt_pl_NV,debug_0514_n1_Scan
rva_dpa_grid_ddp_sub_grid_ddp_x3_sub_grid_x1_y0_PE56_int_sa_scan_edt,GF_rva_dpa_grid_ddp_sub_grid_ddp_x3_sub_grid_x1_y0_PE56_int_sa_scan_edt_pl_NV,debug_0514_n1_Scan
rva_dpa_grid_ddp_sub_grid_ddp_x3_sub_grid_x1_y0_PE57_int_sa_chain_edt,GF_rva_dpa_grid_ddp_sub_grid_ddp_x3_sub_grid_x1_y0_PE57_int_sa_chain_edt_pl_NV,debug_0513_m1
rva_dpa_grid_ddp_sub_grid_ddp_x3_sub_grid_x1_y0_PE57_int_sa_scan_edt,GF_rva_dpa_grid_ddp_sub_grid_ddp_x3_sub_grid_x1_y0_PE57_int_sa_scan_edt_pl_NV,debug_0513_m1
rva_dpa_grid_ddp_sub_grid_ddp_x3_sub_grid_x1_y1_PE58_int_sa_chain_edt,GF_rva_dpa_grid_ddp_sub_grid_ddp_x3_sub_grid_x1_y1_PE58_int_sa_chain_edt_pl_NV,debug_0513_n1_Scan
rva_dpa_grid_ddp_sub_grid_ddp_x3_sub_grid_x1_y1_PE58_int_sa_scan_edt,GF_rva_dpa_grid_ddp_sub_grid_ddp_x3_sub_grid_x1_y1_PE58_int_sa_scan_edt_pl_NV,debug_0513_n1_Scan
rva_dpa_grid_ddp_sub_grid_ddp_x3_sub_grid_x1_y1_PE59_int_sa_chain_edt,GF_rva_dpa_grid_ddp_sub_grid_ddp_x3_sub_grid_x1_y1_PE59_int_sa_chain_edt_pl_NV,debug_0513_n1_Scan
rva_dpa_grid_ddp_sub_grid_ddp_x3_sub_grid_x1_y1_PE59_int_sa_scan_edt,GF_rva_dpa_grid_ddp_sub_grid_ddp_x3_sub_grid_x1_y1_PE59_int_sa_scan_edt_pl_NV,debug_0513_n1_Scan
rva_dpa_grid_ddp_sub_grid_ddp_x3_sub_grid_x1_y2_PE60_int_sa_chain_edt,GF_rva_dpa_grid_ddp_sub_grid_ddp_x3_sub_grid_x1_y2_PE60_int_sa_chain_edt_pl_NV,debug_0513_n1_Scan
rva_dpa_grid_ddp_sub_grid_ddp_x3_sub_grid_x1_y2_PE60_int_sa_scan_edt,GF_rva_dpa_grid_ddp_sub_grid_ddp_x3_sub_grid_x1_y2_PE60_int_sa_scan_edt_pl_NV,debug_0513_n1_Scan
rva_dpa_grid_ddp_sub_grid_ddp_x3_sub_grid_x1_y2_PE61_int_sa_chain_edt,GF_rva_dpa_grid_ddp_sub_grid_ddp_x3_sub_grid_x1_y2_PE61_int_sa_chain_edt_pl_NV,debug_0513_n1_Scan
rva_dpa_grid_ddp_sub_grid_ddp_x3_sub_grid_x1_y2_PE61_int_sa_scan_edt,GF_rva_dpa_grid_ddp_sub_grid_ddp_x3_sub_grid_x1_y2_PE61_int_sa_scan_edt_pl_NV,debug_0513_n1_Scan
rva_dpa_grid_ddp_sub_grid_ddp_x3_sub_grid_x1_y3_PE62_int_sa_chain_edt,GF_rva_dpa_grid_ddp_sub_grid_ddp_x3_sub_grid_x1_y3_PE62_int_sa_chain_edt_pl_NV,debug_0514_n1_Scan
rva_dpa_grid_ddp_sub_grid_ddp_x3_sub_grid_x1_y3_PE62_int_sa_scan_edt,GF_rva_dpa_grid_ddp_sub_grid_ddp_x3_sub_grid_x1_y3_PE62_int_sa_scan_edt_pl_NV,debug_0514_n1_Scan
rva_dpa_grid_ddp_sub_grid_ddp_x3_sub_grid_x1_y3_PE63_int_sa_chain_edt,GF_rva_dpa_grid_ddp_sub_grid_ddp_x3_sub_grid_x1_y3_PE63_int_sa_chain_edt_pl_NV,debug_0515_n1
rva_dpa_grid_ddp_sub_grid_ddp_x3_sub_grid_x1_y3_PE63_int_sa_scan_edt,GF_rva_dpa_grid_ddp_sub_grid_ddp_x3_sub_grid_x1_y3_PE63_int_sa_scan_edt_pl_NV,debug_0515_n1
rva_dpa_rva_chn_west_pdp_int_sa_chain_edt,GF_rva_dpa_rva_chn_west_pdp_int_sa_chain_edt_pl_NV,DEBUG_0430_Scan
rva_dpa_rva_chn_west_pdp_int_sa_scan_edt,GF_rva_dpa_rva_chn_west_pdp_int_sa_scan_edt_pl_NV,DEBUG_0430_Scan
rva_dpa_rva_chn_east_pdp_int_sa_chain_edt,GF_rva_dpa_rva_chn_east_pdp_int_sa_chain_edt_pl_NV,DEBUG_0430_Scan
rva_dpa_rva_chn_east_pdp_int_sa_scan_edt,GF_rva_dpa_rva_chn_east_pdp_int_sa_scan_edt_pl_NV,DEBUG_0430_Scan
rva_dpa_llch_grid_channel_east_y0_min_cluster_0_int_sa_chain_edt,GF_rva_dpa_llch_grid_channel_east_y0_min_cluster_0_int_sa_chain_edt_pl_NV,DEBUG_0429_noon
rva_dpa_llch_grid_channel_east_y0_min_cluster_0_int_sa_scan_edt,GF_rva_dpa_llch_grid_channel_east_y0_min_cluster_0_int_sa_scan_edt_pl_NV,DEBUG_0429_noon
rva_dpa_llch_grid_channel_east_y0_min_cluster_1_int_sa_chain_edt,GF_rva_dpa_llch_grid_channel_east_y0_min_cluster_1_int_sa_chain_edt_pl_NV,debug_0506_night_Scan
rva_dpa_llch_grid_channel_east_y0_min_cluster_1_int_sa_scan_edt,GF_rva_dpa_llch_grid_channel_east_y0_min_cluster_1_int_sa_scan_edt_pl_NV,debug_0506_night_Scan
rva_dpa_llch_grid_channel_east_y1_min_cluster_0_int_sa_chain_edt,GF_rva_dpa_llch_grid_channel_east_y1_min_cluster_0_int_sa_chain_edt_pl_NV,DEBUG_0502_Scan
rva_dpa_llch_grid_channel_east_y1_min_cluster_0_int_sa_scan_edt,GF_rva_dpa_llch_grid_channel_east_y1_min_cluster_0_int_sa_scan_edt_pl_NV,DEBUG_0502_Scan
rva_dpa_llch_grid_channel_east_y1_min_cluster_1_int_sa_chain_edt,GF_rva_dpa_llch_grid_channel_east_y1_min_cluster_1_int_sa_chain_edt_pl_NV,debug_0506_night_Scan
rva_dpa_llch_grid_channel_east_y1_min_cluster_1_int_sa_scan_edt,GF_rva_dpa_llch_grid_channel_east_y1_min_cluster_1_int_sa_scan_edt_pl_NV,debug_0506_night_Scan
rva_dpa_llch_grid_channel_east_y2_min_cluster_0_int_sa_chain_edt,GF_rva_dpa_llch_grid_channel_east_y2_min_cluster_0_int_sa_chain_edt_pl_NV,debug_0506_night_Scan
rva_dpa_llch_grid_channel_east_y2_min_cluster_0_int_sa_scan_edt,GF_rva_dpa_llch_grid_channel_east_y2_min_cluster_0_int_sa_scan_edt_pl_NV,debug_0506_night_Scan
rva_dpa_llch_grid_channel_east_y2_min_cluster_1_int_sa_scan_edt,GF_rva_dpa_llch_grid_channel_east_y2_min_cluster_1_int_sa_scan_edt_pl_NV,debug_0506_night_Scan
rva_dpa_llch_grid_channel_east_y3_min_cluster_0_int_sa_scan_edt,GF_rva_dpa_llch_grid_channel_east_y3_min_cluster_0_int_sa_scan_edt_pl_NV,debug_0506_night_Scan
rva_dpa_llch_grid_channel_east_y3_min_cluster_1_int_sa_chain_edt,GF_rva_dpa_llch_grid_channel_east_y3_min_cluster_1_int_sa_chain_edt_pl_NV,debug_0506_night_Scan
rva_dpa_llch_grid_channel_east_y3_min_cluster_1_int_sa_scan_edt,GF_rva_dpa_llch_grid_channel_east_y3_min_cluster_1_int_sa_scan_edt_pl_NV,debug_0506_night_Scan
rva_dpa_llch_grid_channel_east_y4_min_cluster_0_int_sa_chain_edt,GF_rva_dpa_llch_grid_channel_east_y4_min_cluster_0_int_sa_chain_edt_pl_NV,debug_0507_am2_Scan
rva_dpa_llch_grid_channel_east_y4_min_cluster_0_int_sa_scan_edt,GF_rva_dpa_llch_grid_channel_east_y4_min_cluster_0_int_sa_scan_edt_pl_NV,debug_0507_am2_Scan
rva_dpa_llch_grid_channel_east_y4_min_cluster_1_int_sa_chain_edt,GF_rva_dpa_llch_grid_channel_east_y4_min_cluster_1_int_sa_chain_edt_pl_NV,debug_0507_am2_Scan
rva_dpa_llch_grid_channel_east_y4_min_cluster_1_int_sa_scan_edt,GF_rva_dpa_llch_grid_channel_east_y4_min_cluster_1_int_sa_scan_edt_pl_NV,debug_0507_am2_Scan
rva_dpa_llch_grid_channel_east_y5_min_cluster_0_int_sa_chain_edt,GF_rva_dpa_llch_grid_channel_east_y5_min_cluster_0_int_sa_chain_edt_pl_NV,debug_0507_am2_Scan
rva_dpa_llch_grid_channel_east_y5_min_cluster_0_int_sa_scan_edt,GF_rva_dpa_llch_grid_channel_east_y5_min_cluster_0_int_sa_scan_edt_pl_NV,debug_0507_am2_Scan
rva_dpa_llch_grid_channel_east_y5_min_cluster_1_int_sa_chain_edt,GF_rva_dpa_llch_grid_channel_east_y5_min_cluster_1_int_sa_chain_edt_pl_NV,debug_0507_am2_Scan
rva_dpa_llch_grid_channel_east_y5_min_cluster_1_int_sa_scan_edt,GF_rva_dpa_llch_grid_channel_east_y5_min_cluster_1_int_sa_scan_edt_pl_NV,debug_0507_am2_Scan
rva_dpa_llch_grid_channel_east_y6_min_cluster_0_int_sa_chain_edt,GF_rva_dpa_llch_grid_channel_east_y6_min_cluster_0_int_sa_chain_edt_pl_NV,debug_0507_am2_Scan
rva_dpa_llch_grid_channel_east_y6_min_cluster_0_int_sa_scan_edt,GF_rva_dpa_llch_grid_channel_east_y6_min_cluster_0_int_sa_scan_edt_pl_NV,debug_0507_am2_Scan
rva_dpa_llch_grid_channel_east_y6_min_cluster_1_int_sa_chain_edt,GF_rva_dpa_llch_grid_channel_east_y6_min_cluster_1_int_sa_chain_edt_pl_NV,debug_0507_am2_Scan
rva_dpa_llch_grid_channel_east_y6_min_cluster_1_int_sa_scan_edt,GF_rva_dpa_llch_grid_channel_east_y6_min_cluster_1_int_sa_scan_edt_pl_NV,debug_0507_am2_Scan
rva_dpa_llch_grid_channel_east_y7_min_cluster_0_int_sa_chain_edt,GF_rva_dpa_llch_grid_channel_east_y7_min_cluster_0_int_sa_chain_edt_pl_NV,debug_0507_am2_Scan
rva_dpa_llch_grid_channel_east_y7_min_cluster_0_int_sa_scan_edt,GF_rva_dpa_llch_grid_channel_east_y7_min_cluster_0_int_sa_scan_edt_pl_NV,debug_0507_am2_Scan
rva_dpa_llch_grid_channel_east_y7_min_cluster_1_int_sa_chain_edt,GF_rva_dpa_llch_grid_channel_east_y7_min_cluster_1_int_sa_chain_edt_pl_NV,debug_0507_am2_Scan
rva_dpa_llch_grid_channel_east_y7_min_cluster_1_int_sa_scan_edt,GF_rva_dpa_llch_grid_channel_east_y7_min_cluster_1_int_sa_scan_edt_pl_NV,debug_0507_am2_Scan
rva_dpa_llch_grid_channel_west_y0_min_cluster_0_int_sa_chain_edt,GF_rva_dpa_llch_grid_channel_west_y0_min_cluster_0_int_sa_chain_edt_pl_NV,DEBUG_0429_noon
rva_dpa_llch_grid_channel_west_y0_min_cluster_0_int_sa_scan_edt,GF_rva_dpa_llch_grid_channel_west_y0_min_cluster_0_int_sa_scan_edt_pl_NV,DEBUG_0429_noon
rva_dpa_llch_grid_channel_west_y0_min_cluster_1_int_sa_chain_edt,GF_rva_dpa_llch_grid_channel_west_y0_min_cluster_1_int_sa_chain_edt_pl_NV,DEBUG_0502_Scan
rva_dpa_llch_grid_channel_west_y0_min_cluster_1_int_sa_scan_edt,GF_rva_dpa_llch_grid_channel_west_y0_min_cluster_1_int_sa_scan_edt_pl_NV,DEBUG_0502_Scan
rva_dpa_llch_grid_channel_west_y1_min_cluster_0_int_sa_chain_edt,GF_rva_dpa_llch_grid_channel_west_y1_min_cluster_0_int_sa_chain_edt_pl_NV,DEBUG_0502_Scan
rva_dpa_llch_grid_channel_west_y1_min_cluster_0_int_sa_scan_edt,GF_rva_dpa_llch_grid_channel_west_y1_min_cluster_0_int_sa_scan_edt_pl_NV,DEBUG_0502_Scan
rva_dpa_llch_grid_channel_west_y1_min_cluster_1_int_sa_chain_edt,GF_rva_dpa_llch_grid_channel_west_y1_min_cluster_1_int_sa_chain_edt_pl_NV,debug_0506_Scan
rva_dpa_llch_grid_channel_west_y1_min_cluster_1_int_sa_scan_edt,GF_rva_dpa_llch_grid_channel_west_y1_min_cluster_1_int_sa_scan_edt_pl_NV,debug_0506_Scan
rva_dpa_llch_grid_channel_west_y2_min_cluster_0_int_sa_chain_edt,GF_rva_dpa_llch_grid_channel_west_y2_min_cluster_0_int_sa_chain_edt_pl_NV,debug_0506_Scan
rva_dpa_llch_grid_channel_west_y2_min_cluster_0_int_sa_scan_edt,GF_rva_dpa_llch_grid_channel_west_y2_min_cluster_0_int_sa_scan_edt_pl_NV,debug_0506_Scan
rva_dpa_llch_grid_channel_west_y2_min_cluster_1_int_sa_scan_edt,GF_rva_dpa_llch_grid_channel_west_y2_min_cluster_1_int_sa_scan_edt_pl_NV,debug_0506_Scan
rva_dpa_llch_grid_channel_west_y3_min_cluster_0_int_sa_scan_edt,GF_rva_dpa_llch_grid_channel_west_y3_min_cluster_0_int_sa_scan_edt_pl_NV,debug_0506_Scan
rva_dpa_llch_grid_channel_west_y3_min_cluster_1_int_sa_scan_edt,GF_rva_dpa_llch_grid_channel_west_y3_min_cluster_1_int_sa_scan_edt_pl_NV,debug_0506_Scan
rva_dpa_llch_grid_channel_west_y4_min_cluster_0_int_sa_scan_edt,GF_rva_dpa_llch_grid_channel_west_y4_min_cluster_0_int_sa_scan_edt_pl_NV,debug_0508_n1_Scanupdate
rva_dpa_llch_grid_channel_west_y4_min_cluster_1_int_sa_chain_edt,GF_rva_dpa_llch_grid_channel_west_y4_min_cluster_1_int_sa_chain_edt_pl_NV,debug_0508_n1_Scanupdate
rva_dpa_llch_grid_channel_west_y4_min_cluster_1_int_sa_scan_edt,GF_rva_dpa_llch_grid_channel_west_y4_min_cluster_1_int_sa_scan_edt_pl_NV,debug_0508_n1_Scanupdate
rva_dpa_llch_grid_channel_west_y5_min_cluster_0_int_sa_chain_edt,GF_rva_dpa_llch_grid_channel_west_y5_min_cluster_0_int_sa_chain_edt_pl_NV,debug_0508_n1_Scanupdate
rva_dpa_llch_grid_channel_west_y5_min_cluster_0_int_sa_scan_edt,GF_rva_dpa_llch_grid_channel_west_y5_min_cluster_0_int_sa_scan_edt_pl_NV,debug_0508_n1_Scanupdate
rva_dpa_llch_grid_channel_west_y5_min_cluster_1_int_sa_chain_edt,GF_rva_dpa_llch_grid_channel_west_y5_min_cluster_1_int_sa_chain_edt_pl_NV,debug_0508_n1_Scanupdate
rva_dpa_llch_grid_channel_west_y5_min_cluster_1_int_sa_scan_edt,GF_rva_dpa_llch_grid_channel_west_y5_min_cluster_1_int_sa_scan_edt_pl_NV,debug_0508_n1_Scanupdate
rva_dpa_llch_grid_channel_west_y6_min_cluster_0_int_sa_chain_edt,GF_rva_dpa_llch_grid_channel_west_y6_min_cluster_0_int_sa_chain_edt_pl_NV,debug_0508_n1_Scanupdate
rva_dpa_llch_grid_channel_west_y6_min_cluster_0_int_sa_scan_edt,GF_rva_dpa_llch_grid_channel_west_y6_min_cluster_0_int_sa_scan_edt_pl_NV,debug_0508_n1_Scanupdate
rva_dpa_llch_grid_channel_west_y6_min_cluster_1_int_sa_chain_edt,GF_rva_dpa_llch_grid_channel_west_y6_min_cluster_1_int_sa_chain_edt_pl_NV,debug_0508_n1_Scanupdate
rva_dpa_llch_grid_channel_west_y6_min_cluster_1_int_sa_scan_edt,GF_rva_dpa_llch_grid_channel_west_y6_min_cluster_1_int_sa_scan_edt_pl_NV,debug_0508_n1_Scanupdate
rva_dpa_llch_grid_channel_west_y7_min_cluster_0_int_sa_chain_edt,GF_rva_dpa_llch_grid_channel_west_y7_min_cluster_0_int_sa_chain_edt_pl_NV,debug_0508_n1_Scanupdate
rva_dpa_llch_grid_channel_west_y7_min_cluster_0_int_sa_scan_edt,GF_rva_dpa_llch_grid_channel_west_y7_min_cluster_0_int_sa_scan_edt_pl_NV,debug_0508_n1_Scanupdate
rva_dpa_llch_grid_channel_west_y7_min_cluster_1_int_sa_chain_edt,GF_rva_dpa_llch_grid_channel_west_y7_min_cluster_1_int_sa_chain_edt_pl_NV,debug_0508_n1_Scanupdate
rva_dpa_llch_grid_channel_west_y7_min_cluster_1_int_sa_scan_edt,GF_rva_dpa_llch_grid_channel_west_y7_min_cluster_1_int_sa_scan_edt_pl_NV,debug_0508_n1_Scanupdate
rva_dpa_rva_ddp_cluster_sub_grid_x0_0_int_sa_chain_edt,GF_rva_dpa_rva_ddp_cluster_sub_grid_x0_0_int_sa_chain_edt_pl_NV,DEBUG_0429_noon
rva_dpa_rva_ddp_cluster_sub_grid_x0_0_int_sa_scan_edt,GF_rva_dpa_rva_ddp_cluster_sub_grid_x0_0_int_sa_scan_edt_pl_NV,DEBUG_0429_noon2
rva_dpa_rva_ddp_cluster_sub_grid_x0_1_int_sa_chain_edt,GF_rva_dpa_rva_ddp_cluster_sub_grid_x0_1_int_sa_chain_edt_pl_NV,DEBUG_0429_noon
rva_dpa_rva_ddp_cluster_sub_grid_x0_1_int_sa_scan_edt,GF_rva_dpa_rva_ddp_cluster_sub_grid_x0_1_int_sa_scan_edt_pl_NV,DEBUG_0429_noon2
rva_dpa_rva_ddp_cluster_sub_grid_x1_0_int_sa_chain_edt,GF_rva_dpa_rva_ddp_cluster_sub_grid_x1_0_int_sa_chain_edt_pl_NV,DEBUG_0429_noon
rva_dpa_rva_ddp_cluster_sub_grid_x1_0_int_sa_scan_edt,GF_rva_dpa_rva_ddp_cluster_sub_grid_x1_0_int_sa_scan_edt_pl_NV,DEBUG_0429_noon2
rva_dpa_rva_ddp_cluster_sub_grid_x1_1_int_sa_chain_edt,GF_rva_dpa_rva_ddp_cluster_sub_grid_x1_1_int_sa_chain_edt_pl_NV,DEBUG_0429_noon
rva_dpa_rva_ddp_cluster_sub_grid_x1_1_int_sa_scan_edt,GF_rva_dpa_rva_ddp_cluster_sub_grid_x1_1_int_sa_scan_edt_pl_NV,DEBUG_0429_noon2
rva_dpa_rva_ddp_cluster_sub_grid_x2_0_int_sa_chain_edt,GF_rva_dpa_rva_ddp_cluster_sub_grid_x2_0_int_sa_chain_edt_pl_NV,DEBUG_0429_noon
rva_dpa_rva_ddp_cluster_sub_grid_x2_0_int_sa_scan_edt,GF_rva_dpa_rva_ddp_cluster_sub_grid_x2_0_int_sa_scan_edt_pl_NV,DEBUG_0429_noon2
rva_dpa_rva_ddp_cluster_sub_grid_x2_1_int_sa_chain_edt,GF_rva_dpa_rva_ddp_cluster_sub_grid_x2_1_int_sa_chain_edt_pl_NV,DEBUG_0430_Scan
rva_dpa_rva_ddp_cluster_sub_grid_x2_1_int_sa_scan_edt,GF_rva_dpa_rva_ddp_cluster_sub_grid_x2_1_int_sa_scan_edt_pl_NV,DEBUG_0430_Scan
rva_dpa_rva_ddp_cluster_sub_grid_x3_0_int_sa_chain_edt,GF_rva_dpa_rva_ddp_cluster_sub_grid_x3_0_int_sa_chain_edt_pl_NV,DEBUG_0430_Scan
rva_dpa_rva_ddp_cluster_sub_grid_x3_0_int_sa_scan_edt,GF_rva_dpa_rva_ddp_cluster_sub_grid_x3_0_int_sa_scan_edt_pl_NV,DEBUG_0430_Scan
rva_dpa_rva_ddp_cluster_sub_grid_x3_1_int_sa_chain_edt,GF_rva_dpa_rva_ddp_cluster_sub_grid_x3_1_int_sa_chain_edt_pl_NV,DEBUG_0430_Scan
rva_dpa_rva_ddp_cluster_sub_grid_x3_1_int_sa_scan_edt,GF_rva_dpa_rva_ddp_cluster_sub_grid_x3_1_int_sa_scan_edt_pl_NV,DEBUG_0430_Scan
rva_dpa_sub_grid_ddp_x0_feedthrough0_int_sa_chain_edt,GF_rva_dpa_sub_grid_ddp_x0_feedthrough0_int_sa_chain_edt_pl_NV,debug_0512_m1_scan
rva_dpa_sub_grid_ddp_x0_feedthrough0_int_sa_scan_edt,GF_rva_dpa_sub_grid_ddp_x0_feedthrough0_int_sa_scan_edt_pl_NV,debug_0512_m1_scan
rva_dpa_sub_grid_ddp_x1_feedthrough0_int_sa_chain_edt,GF_rva_dpa_sub_grid_ddp_x1_feedthrough0_int_sa_chain_edt_pl_NV,debug_0513_n2
rva_dpa_sub_grid_ddp_x1_feedthrough0_int_sa_scan_edt,GF_rva_dpa_sub_grid_ddp_x1_feedthrough0_int_sa_scan_edt_pl_NV,debug_0513_n2
rva_dpa_sub_grid_ddp_x2_feedthrough0_int_sa_chain_edt,GF_rva_dpa_sub_grid_ddp_x2_feedthrough0_int_sa_chain_edt_pl_NV,debug_0513_n2
rva_dpa_sub_grid_ddp_x2_feedthrough0_int_sa_scan_edt,GF_rva_dpa_sub_grid_ddp_x2_feedthrough0_int_sa_scan_edt_pl_NV,debug_0513_n2
rva_dpa_sub_grid_ddp_x3_feedthrough0_int_sa_chain_edt,GF_rva_dpa_sub_grid_ddp_x3_feedthrough0_int_sa_chain_edt_pl_NV,debug_0513_n2
rva_dpa_sub_grid_ddp_x3_feedthrough0_int_sa_scan_edt,GF_rva_dpa_sub_grid_ddp_x3_feedthrough0_int_sa_scan_edt_pl_NV,debug_0513_n2
rv_fabric_rvgd1_chh00_pdp_int_sa_chain_edt,GF_rv_fabric_rvgd1_chv00_pdp_int_sa_chain_edt_pl_NV,DEBUG_0429_noon
rv_fabric_rvgd1_chh01_pdp_int_sa_chain_edt,GF_rv_fabric_rvgd1_chv01_pdp_int_sa_chain_edt_pl_NV,DEBUG_0429_noon
rvgd1_chh01_pdp_int_sa_scan_edt_pl,GF_rv_fgw_rvgd_fgw1_pdp_int_sa_scan_edt_pl_NV,DEBUG_0502_NOON_Scan
rvgd1_chh02_pdp_int_sa_scan_edt_pl,GF_rv_fgw_rvgd_fgw2_pdp_int_sa_scan_edt_pl_NV,DEBUG_0502_NOON_Scan
rvgd1_chh10_pdp_int_sa_scan_edt_pl,GF_rv_fgw_rvgd_fgw3_pdp_int_sa_scan_edt_pl_NV,DEBUG_0502_NOON_Scan
rv_fabric_rvgd1_chh20_pdp_int_sa_chain_edt,GF_rv_fabric_rvgd1_chv20_pdp_int_sa_chain_edt_pl_NV,DEBUG_0429_noon
rvgd1_chh20_pdp_int_sa_scan_edt_pl,GF_rv_dms_rvdms1_ffc_pdp_int_sa_scan_edt_pl_NV,DEBUG_0502_NOON_Scan
rvgd1_chh30_pdp_int_sa_scan_edt_pl,GF_rv_d2d_rvddew_rici13_pdp_int_sa_scan_edt_pl_NV,DEBUG_0502_NOON_Scan
rv_fabric_rvgd1_chv00_pdp_int_sa_chain_edt,GF_rv_fabric_rvgd1_chv00_pdp_int_sa_chain_edt_pl_NV,DEBUG_0429_noon
rv_fabric_rvgd1_chv00_pdp_int_sa_scan_edt,GF_rv_fabric_rvgd1_chv00_pdp_int_sa_scan_edt_pl_NV,DEBUG_0429_noon
rv_fabric_rvgd1_chv01_pdp_int_sa_scan_edt,GF_rv_fabric_rvgd1_chv01_pdp_int_sa_scan_edt_pl_NV,DEBUG_0429_noon
rv_fabric_rvgd1_chv03_pdp_int_sa_chain_edt,GF_rv_fabric_rvgd1_chv03_pdp_int_sa_chain_edt_pl_NV,DEBUG_0429_noon
rv_fabric_rvgd1_chv03_pdp_int_sa_scan_edt,GF_rv_fabric_rvgd1_chv03_pdp_int_sa_scan_edt_pl_NV,DEBUG_0429_noon
rv_fabric_rvgd1_chv04_pdp_int_sa_chain_edt,GF_rv_fabric_rvgd1_chv04_pdp_int_sa_chain_edt_pl_NV,DEBUG_0429_noon
rv_fabric_rvgd1_chv04_pdp_int_sa_scan_edt,GF_rv_fabric_rvgd1_chv04_pdp_int_sa_scan_edt_pl_NV,DEBUG_0429_noon
rv_fabric_rvgd1_chv10_pdp_int_sa_chain_edt,GF_rv_fabric_rvgd1_chv10_pdp_int_sa_chain_edt_pl_NV,DEBUG_0429_noon
rv_fabric_rvgd1_chv10_pdp_int_sa_scan_edt,GF_rv_fabric_rvgd1_chv10_pdp_int_sa_scan_edt_pl_NV,DEBUG_0429_noon
rv_fabric_rvgd1_chv21_pdp_int_sa_chain_edt,GF_rv_fabric_rvgd1_chv21_pdp_int_sa_chain_edt_pl_NV,DEBUG_0429_noon
rv_fabric_rvgd1_chv21_pdp_int_sa_scan_edt,GF_rv_fabric_rvgd1_chv21_pdp_int_sa_scan_edt_pl_NV,DEBUG_0429_noon
rv_hcs_rvhcs_gmisc_pdp_int_sa_chain_edt,GF_rv_hcs_rvhcs_gmisc_pdp_int_sa_chain_edt_pl_NV,DEBUG_0429
rv_hcs_rvhcs_gmisc_pdp_int_sa_scan_edt,GF_rv_hcs_rvhcs_gmisc_pdp_int_sa_scan_edt_pl_NV,DEBUG_0429
rv_hcs_rvhcs_gdtub_dtu_0_bank_0_pdp_int_sa_chain_edt,GF_rva_dpa_grid_ddp_sub_grid_ddp_x0_sub_grid_x0_y0_PE0_int_sa_chain_edt_pl_NV,DEBUG_0430_Scan
rv_hcs_rvhcs_gdtub_dtu_0_bank_0_pdp_int_sa_scan_edt_pl,GF_rva_dpa_grid_ddp_sub_grid_ddp_x0_sub_grid_x0_y0_PE0_int_sa_scan_edt_pl_NV,DEBUG_0430_Scan
rv_hcs_rvhcs_gdtub_dtu_0_bank_1_pdp_int_sa_chain_edt,GF_rva_dpa_llch_grid_channel_east_y1_min_cluster_0_int_sa_chain_edt_pl_NV,DEBUG_0502_Scan
rv_hcs_rvhcs_gdtub_dtu_0_bank_1_pdp_int_sa_scan_edt_pl,GF_rva_dpa_llch_grid_channel_east_y1_min_cluster_0_int_sa_scan_edt_pl_NV,DEBUG_0502_Scan
rv_hcs_rvhcs_gdtub_dtu_1_bank_0_pdp_int_sa_chain_edt,GF_rva_dpa_llch_grid_channel_west_y0_min_cluster_1_int_sa_chain_edt_pl_NV,DEBUG_0502_Scan
rv_hcs_rvhcs_gdtub_dtu_1_bank_0_pdp_int_sa_scan_edt_pl,GF_rva_dpa_llch_grid_channel_west_y0_min_cluster_1_int_sa_scan_edt_pl_NV,DEBUG_0502_Scan
rv_hcs_rvhcs_gdtub_dtu_1_bank_1_pdp_int_sa_chain_edt,GF_rva_dpa_llch_grid_channel_west_y1_min_cluster_0_int_sa_chain_edt_pl_NV,DEBUG_0502_Scan
rv_hcs_rvhcs_gdtub_dtu_1_bank_1_pdp_int_sa_scan_edt_pl,GF_rva_dpa_llch_grid_channel_west_y1_min_cluster_0_int_sa_scan_edt_pl_NV,DEBUG_0502_Scan
rv_dms_rvdms0_fib_pdp_int_sa_chain_edt,GF_rv_dms_rvdms0_fib_pdp_int_sa_chain_edt_pl_NV,debug_0505_noon_scan
rv_dms_rvdms0_fib_pdp_int_sa_scan_edt,GF_rv_dms_rvdms0_fib_pdp_int_sa_scan_edt_pl_NV,debug_0505_noon_scan
rv_dms_rvdms1_fib_pdp_int_sa_chain_edt,GF_rv_dms_rvdms1_fib_pdp_int_sa_chain_edt_pl_NV,DEBUG_0430_noon
rv_dms_rvdms1_fib_pdp_int_sa_scan_edt,GF_rv_dms_rvdms1_fib_pdp_int_sa_scan_edt_pl_NV,DEBUG_0430_noon
rv_dms_rvdms2_fib_pdp_int_sa_chain_edt,GF_rv_dms_rvdms2_fib_pdp_int_sa_chain_edt_pl_NV,DEBUG_0430_noon
rv_dms_rvdms2_fib_pdp_int_sa_scan_edt,GF_rv_dms_rvdms2_fib_pdp_int_sa_scan_edt_pl_NV,DEBUG_0430_noon
rv_dms_rvdms0_ffc_pdp_int_sa_chain_edt,GF_rvdms0_ffc_pdp_int_sa_chain_edt_dbg_pl_NV,DEBUG_0429
rvdms0_ffc_pdp_int_sa_scan_edt_pl,GF_rvdms0_ffc_pdp_int_sa_scan_edt_pl_NV,DEBUG_0428_afternoon2
rv_dms_rvdms1_ffc_pdp_int_sa_chain_edt,GF_rv_dms_rvdms1_ffc_pdp_int_sa_chain_edt_pl_NV,DEBUG_0502_Scan
rv_dms_rvdms1_ffc_pdp_int_sa_scan_edt,GF_rv_dms_rvdms1_ffc_pdp_int_sa_scan_edt_pl_NV,DEBUG_0502_Scan
rv_dms_rvdms2_ffc_pdp_int_sa_chain_edt,GF_rv_dms_rvdms2_ffc_pdp_int_sa_chain_edt_pl_NV,DEBUG_0502_Scan
rv_dms_rvdms2_ffc_pdp_int_sa_scan_edt,GF_rv_dms_rvdms2_ffc_pdp_int_sa_scan_edt_pl_NV,DEBUG_0502_Scan
rv_dms_rvdms0_spmct_pdp_int_sa_chain_edt,GF_rv_dms_rvdms0_spmct_pdp_int_sa_chain_edt_pl_NV,debug_0510_m1_Scan
rv_dms_rvdms0_spmct_pdp_int_sa_scan_edt,GF_rv_dms_rvdms0_spmct_pdp_int_sa_scan_edt_pl_NV,debug_0510_m1_Scan
rv_dms_rvdms1_spmct_pdp_int_sa_chain_edt,GF_rv_dms_rvdms1_spmct_pdp_int_sa_chain_edt_pl_NV,debug_0512_m1_scan
rv_dms_rvdms1_spmct_pdp_int_sa_scan_edt,GF_rv_dms_rvdms1_spmct_pdp_int_sa_scan_edt_pl_NV,debug_0512_m1_scan
rv_dms_rvdms2_spmct_pdp_int_sa_chain_edt,GF_rv_dms_rvdms2_spmct_pdp_int_sa_chain_edt_pl_NV,debug_0510_m1_Scan
rv_dms_rvdms2_spmct_pdp_int_sa_scan_edt,GF_rv_dms_rvdms2_spmct_pdp_int_sa_scan_edt_pl_NV,debug_0510_m1_Scan
rv_dms_rvdms0_ccphy_pdp_int_sa_chain_edt,GF_rv_dms_rvdms0_ccphy_pdp_int_sa_chain_edt_pl_NV,debug_0506_night_Scan
rv_dms_rvdms0_ccphy_pdp_int_sa_scan_edt,GF_rv_dms_rvdms0_ccphy_pdp_int_sa_scan_edt_pl_NV,debug_0506_night_Scan
rv_dms_rvdms1_ccphy_pdp_int_sa_chain_edt,GF_rv_dms_rvdms1_ccphy_pdp_int_sa_chain_edt_pl_NV,debug_0510_m1_Scan
rv_dms_rvdms1_ccphy_pdp_int_sa_scan_edt,GF_rv_dms_rvdms1_ccphy_pdp_int_sa_scan_edt_pl_NV,debug_0510_m1_Scan
rv_dms_rvdms2_ccphy_pdp_int_sa_chain_edt,GF_rv_dms_rvdms2_ccphy_pdp_int_sa_chain_edt_pl_NV,debug_0510_m1_Scan
rv_dms_rvdms2_ccphy_pdp_int_sa_scan_edt,GF_rv_dms_rvdms2_ccphy_pdp_int_sa_scan_edt_pl_NV,debug_0510_m1_Scan
rv_pcs_rvpcs0_x4pcie_pdp_int_sa_chain_edt,GF_rv_pcs0_rvpcs_x4pcie_pdp_int_sa_chain_edt_pl_NV,debug_0506_Scan
rv_pcs0_rvpcs_x4pcie_pdp_int_sa_scan_edt_pl,GF_rv_pcs0_rvpcs_x4pcie_pdp_int_sa_scan_edt_pl_NV,debug_0506_Scan
rv_pcs_rvpcs1_x4pcie_pdp_int_sa_chain_edt,GF_rv_pcs1_rvpcs_x4pcie_pdp_int_sa_chain_edt_pl_NV,debug_0506_Scan
rv_pcs1_rvpcs_x4pcie_pdp_int_sa_scan_edt_pl,GF_rv_pcs1_rvpcs_x4pcie_pdp_int_sa_scan_edt_pl_NV,debug_0506_Scan
rv_pcs_rvpcs0_x8pcie_pdp_int_sa_chain_edt,GF_rv_pcs0_rvpcs_x8pcie_pdp_int_sa_chain_edt_pl_NV,debug_0508_m2_Scan
rv_pcs0_rvpcs_x8pcie_pdp_int_sa_scan_edt_pl,GF_rv_pcs0_rvpcs_x8pcie_pdp_int_sa_scan_edt_pl_NV,debug_0508_m2_Scan
rv_pcs_rvpcs1_x8pcie_pdp_int_sa_chain_edt,GF_rv_pcs1_rvpcs_x8pcie_pdp_int_sa_chain_edt_pl_NV,debug_0508_m2_Scan
rv_pcs1_rvpcs_x8pcie_pdp_int_sa_scan_edt_pl,GF_rv_pcs1_rvpcs_x8pcie_pdp_int_sa_scan_edt_pl_NV,debug_0508_m2_Scan
rv_pcs_rvpcs0_x16pcie_pdp_int_sa_chain_edt,GF_rv_pcs0_rvpcs_x16pcie_pdp_int_sa_chain_edt_pl_NV,debug_0506_Scan
rv_pcs0_rvpcs_x16pcie_pdp_int_sa_scan_edt_pl,GF_rv_pcs0_rvpcs_x16pcie_pdp_int_sa_scan_edt_pl_NV,debug_0506_Scan
rv_pcs1_rvpcs_x16pcie_pdp_int_sa_scan_edt_pl,GF_rv_pcs1_rvpcs_x16pcie_pdp_int_sa_scan_edt_pl_NV,debug_0506_Scan
rv_pcs0_rvpcs_x8ide_pdp_int_sa_scan_edt_pl,GF_rv_pcs0_rvpcs_x8ide_pdp_int_sa_scan_edt_pl_NV,debug_0509_n1_Scan
rv_pcs1_rvpcs_x8ide_pdp_int_sa_scan_edt_pl,GF_rv_pcs1_rvpcs_x8ide_pdp_int_sa_scan_edt_pl_NV,debug_0509_n1_Scan
rv_pcs0_rvpcs_x16ide_pdp_int_sa_scan_edt_pl,GF_rv_pcs0_rvpcs_x16ide_pdp_int_sa_scan_edt_pl_NV,debug_0506_Scan
rv_pcs_rvpcs1_x16ide_pdp_int_sa_chain_edt,GF_rv_pcs1_rvpcs_x16pcie_pdp_int_sa_chain_edt_pl_NV,debug_0506_Scan
rv_pcs1_rvpcs_x16ide_pdp_int_sa_scan_edt_pl,GF_rv_pcs1_rvpcs_x16ide_pdp_int_sa_scan_edt_pl_NV,debug_0506_Scan
rv_pcs_rvpcs0_cgw_pdp_int_sa_chain_edt,GF_rv_pcs0_rvpcs_cgw_pdp_int_sa_chain_edt_pl_NV,debug_0507_am2_Scan
rv_pcs0_rvpcs_cgw_pdp_int_sa_scan_edt_pl,GF_rv_pcs0_rvpcs_cgw_pdp_int_sa_scan_edt_pl_NV,debug_0507_am2_Scan
rv_pcs_rvpcs1_cgw_pdp_int_sa_chain_edt,GF_rv_pcs1_rvpcs_cgw_pdp_int_sa_chain_edt_pl_NV,debug_0507_am2_Scan
rv_pcs1_rvpcs_cgw_pdp_int_sa_scan_edt_pl,GF_rv_pcs1_rvpcs_cgw_pdp_int_sa_scan_edt_pl_NV,debug_0507_am2_Scan
rv_pcs_rvpcs0_pgw_pdp_int_sa_chain_edt,GF_rv_pcs0_rvpcs_pgw_pdp_int_sa_scan_edt_pl_NV,debug_0507_am2_Scan
rv_pcs0_rvpcs_pgw_pdp_int_sa_scan_edt_pl,GF_rv_pcs0_rvpcs_pgw_pdp_int_sa_scan_edt_pl_NV,debug_0507_am2_Scan
rv_pcs_rvpcs1_pgw_pdp_int_sa_chain_edt,GF_rv_pcs1_rvpcs_pgw_pdp_int_sa_chain_edt_pl_NV,debug_0507_am2_Scan
rv_pcs_rvpcs0_isbdm_pdp_int_sa_chain_edt,GF_rv_pcs0_rvpcs_isbdm_pdp_int_sa_scan_edt_pl_NV,debug_0508_m2_Scan
rv_pcs0_rvpcs_isbdm_pdp_int_sa_scan_edt_pl,GF_rv_pcs0_rvpcs_isbdm_pdp_int_sa_scan_edt_pl_NV,debug_0508_m2_Scan
rv_pcs_rvpcs1_isbdm_pdp_int_sa_chain_edt,GF_rv_pcs1_rvpcs_isbdm_pdp_int_sa_scan_edt_pl_NV,debug_0508_m2_Scan
rv_pcs1_rvpcs_isbdm_pdp_int_sa_scan_edt_pl,GF_rv_pcs1_rvpcs_isbdm_pdp_int_sa_scan_edt_pl_NV,debug_0508_m2_Scan
rv_pcs_rvpcs0_fabsp_pdp_int_sa_chain_edt,GF_rv_pcs0_rvpcs_fabsp_pdp_int_sa_chain_edt_pl_NV,debug_0507_am2_Scan
rv_pcs0_rvpcs_fabsp_pdp_int_sa_scan_edt_pl,GF_rv_pcs0_rvpcs_fabsp_pdp_int_sa_scan_edt_pl_NV,debug_0507_am2_Scan
rv_pcs_rvpcs1_fabsp_pdp_int_sa_chain_edt,GF_rv_pcs1_rvpcs_fabsp_pdp_int_sa_chain_edt_pl_NV,debug_0507_am2_Scan
rv_pcs1_rvpcs_fabsp_pdp_int_sa_scan_edt_pl,GF_rv_pcs1_rvpcs_fabsp_pdp_int_sa_scan_edt_pl_NV,debug_0507_am2_Scan
rv_pcs_rvpcs0_phygl0_pdp_int_sa_chain_edt,GF_rv_pcs0_rvpcs_phygl0_pdp_int_sa_chain_edt_pl_NV,debug_0508_m2_Scan
rv_pcs0_rvpcs_phygl0_pdp_int_sa_scan_edt_pl,GF_rv_pcs0_rvpcs_phygl0_pdp_int_sa_scan_edt_pl_NV,debug_0508_m2_Scan
rv_pcs_rvpcs1_phygl1_pdp_int_sa_chain_edt,GF_rv_pcs1_rvpcs_phygl1_pdp_int_sa_chain_edt_pl_NV,debug_0512_m1_scan
rv_pcs1_rvpcs_phygl1_pdp_int_sa_chain_edt_pl,GF_rv_pcs1_rvpcs_phygl1_pdp_int_sa_chain_edt_pl_NV,debug_0512_m1_scan
rv_sds_rvsds_dce_pdp_int_sa_chain_edt,GF_rvsds_dce_pdp_int_sa_chain_edt_pl_NV,DEBUG_0428_afternoon
rvsds_dce_pdp_int_sa_scan_edt_pl,GF_rvsds_dce_pdp_int_sa_scan_edt_pl_NV,DEBUG_0428_afternoon
rv_sds_rvsds_faau_pdp_int_sa_chain_edt,GF_rvsds_faau_pdp_int_sa_chain_edt_pl_NV,DEBUG_0428_afternoon2
rvsds_faau_pdp_int_sa_scan_edt_pl,GF_rvsds_faau_pdp_int_sa_scan_edt_pl_NV,DEBUG_0428_afternoon2
rv_sds_rvsds_rot_pdp_int_sa_chain_edt,GF_rvsds_rot_pdp_int_sa_chain_edt_pl_NV,DEBUG_0428_afternoon2
rvsds_rot_pdp_int_sa_scan_edt_pl,GF_rvsds_rot_pdp_int_sa_scan_edt_pl_NV,DEBUG_0428_afternoon2
rv_sds_rvsds_other_pdp_int_sa_chain_edt,GF_rvsds_other_pdp_int_sa_chain_edt_pl_NV,DEBUG_0429_noon
rvsds_other_pdp_int_sa_scan_edt_pl,GF_rvsds_other_pdp_int_sa_scan_edt_pl_NV,DEBUG_0429_noon
rv_sds_rvsds_pwcmio_pdp_int_sa_chain_edt,GF_rvgdie_pwcmio_int_sa_chain_edt_pl_dbg_NV,DEBUG_0428
rv_fgw_rvgd_fgw0_pdp_int_sa_chain_edt,GF_rv_fgw_rvgd_fgw0_pdp_int_sa_chain_edt_pl_NV,debug_0514_n1_Scan
rv_fgw_rvgd_fgw0_pdp_int_sa_scan_edt,GF_rv_fgw_rvgd_fgw0_pdp_int_sa_scan_edt_pl_NV,debug_0514_n1_Scan
rv_fgw_rvgd_fgw1_pdp_int_sa_chain_edt,GF_rv_fgw_rvgd_fgw1_pdp_int_sa_chain_edt_pl_NV,DEBUG_0502_NOON_Scan
rv_fgw_rvgd_fgw1_pdp_int_sa_scan_edt,GF_rv_fgw_rvgd_fgw1_pdp_int_sa_scan_edt_pl_NV,DEBUG_0502_NOON_Scan
rv_fgw_rvgd_fgw2_pdp_int_sa_chain_edt,GF_rv_fgw_rvgd_fgw2_pdp_int_sa_chain_edt_pl_NV,DEBUG_0502_NOON_Scan
rv_fgw_rvgd_fgw2_pdp_int_sa_scan_edt,GF_rv_fgw_rvgd_fgw2_pdp_int_sa_scan_edt_pl_NV,DEBUG_0502_NOON_Scan
rv_fgw_rvgd_fgw3_pdp_int_sa_chain_edt,GF_rv_fgw_rvgd_fgw3_pdp_int_sa_chain_edt_pl_NV,DEBUG_0502_NOON_Scan
rv_fgw_rvgd_fgw3_pdp_int_sa_scan_edt,GF_rv_fgw_rvgd_fgw3_pdp_int_sa_scan_edt_pl_NV,DEBUG_0502_NOON_Scan
rv_hms_rvhms0_dpatop_pdp_int_sa_chain_edt,GF_rvhms0_dpatop_pdp_int_sa_chain_edt_dbg_pl_NV,DEBUG_0429
rvhms0_dpatop_pdp_int_sa_scan_edt_pl,GF_rvhms0_dpatop_pdp_int_sa_scan_edt_pl_NV,DEBUG_0428_afternoon2
rv_hms_rvhms1_dpatop_pdp_int_sa_chain_edt,GF_rvhms1_dpatop_pdp_int_sa_chain_edt_pl_NV,DEBUG_0428_afternoon
rvhms1_dpatop_pdp_int_sa_scan_edt_pl,GF_rvhms1_dpatop_pdp_int_sa_scan_edt_pl_NV,DEBUG_0428_afternoon2
rv_hms_rvhms0_hbmtop_pdp_int_sa_chain_edt,GF_rvhms0_hbmtop_pdp_int_sa_chain_edt_pl_NV,DEBUG_0430_Scan
rvhms0_hbmtop_pdp_int_sa_scan_edt_pl_042825_1.stil.gz,GF_rvhms0_hbmtop_pdp_int_sa_scan_edt_pl_NV,DEBUG_0430_Scan
rv_hms_rvhms1_hbmtop_pdp_int_sa_chain_edt,GF_rvhms1_hbmtop_pdp_int_sa_chain_edt_pl_NV,DEBUG_0430_Scan
rvhms1_hbmtop_pdp_int_sa_scan_edt_pl_042825_1.stil.gz,GF_rvhms1_hbmtop_pdp_int_sa_scan_edt_pl_NV,DEBUG_0430_Scan
rv_hms_rvhms0_hbm8ch_pdp_UP_int_sa_chain_edt,GF_rvhms0_hbm8ch_pdp_UP_int_sa_chain_edt_pl_NV,DEBUG_0430_noon
rvhms0_hbm8ch_pdp_UP_int_sa_scan_edt_pl,GF_rvhms0_hbm8ch_pdp_UP_int_sa_scan_edt_pl_NV,DEBUG_0430_noon
rv_hms_rvhms1_hbm8ch_pdp_UP_int_sa_chain_edt,GF_rvhms1_hbm8ch_pdp_UP_int_sa_chain_edt_pl_NV,debug_0508_n1_Scanupdate
rvhms1_hbm8ch_pdp_UP_int_sa_scan_edt_pl,GF_rvhms1_hbm8ch_pdp_UP_int_sa_scan_edt_pl_NV,debug_0508_n1_Scanupdate
rv_hms_rvhms0_hbm8ch_pdp_DN_int_sa_chain_edt,GF_rvhms0_hbm8ch_pdp_DN_int_sa_chain_edt_pl_NV,DEBUG_0430_noon
rvhms0_hbm8ch_pdp_DN_int_sa_scan_edt_pl,GF_rvhms0_hbm8ch_pdp_DN_int_sa_scan_edt_pl_NV,DEBUG_0430_noon
rv_hms_rvhms1_hbm8ch_pdp_DN_int_sa_chain_edt,GF_rvhms1_hbm8ch_pdp_DN_int_sa_chain_edt_pl_NV,debug_0508_n1_Scanupdate
rvhms1_hbm8ch_pdp_DN_int_sa_scan_edt_pl,GF_rvhms1_hbm8ch_pdp_DN_int_sa_scan_edt_pl_NV,debug_0508_n1_Scanupdate
rv_hms_rvhms0_hbm1ch_pdp_0_UP_int_sa_chain_edt,GF_rvhms0_hbm1ch_pdp_0_UP_int_sa_chain_edt_pl_NV,debug_0508_n1_Scanupdate
rvhms0_hbm1ch_pdp_0_UP_int_sa_scan_edt_pl,GF_rvhms0_hbm1ch_pdp_0_UP_int_sa_scan_edt_pl_NV,debug_0508_n1_Scanupdate
rv_hms_rvhms0_hbm1ch_pdp_1_UP_int_sa_chain_edt,GF_rvhms0_hbm1ch_pdp_1_UP_int_sa_chain_edt_pl_NV,debug_0508_n1_Scanupdate
rvhms0_hbm1ch_pdp_1_UP_int_sa_scan_edt_pl,GF_rvhms0_hbm1ch_pdp_1_UP_int_sa_scan_edt_pl_NV,debug_0508_n1_Scanupdate
rv_hms_rvhms0_hbm1ch_pdp_2_UP_int_sa_chain_edt,GF_rvhms0_hbm1ch_pdp_2_UP_int_sa_chain_edt_pl_NV,debug_0508_n1_Scanupdate
rvhms0_hbm1ch_pdp_2_UP_int_sa_scan_edt_pl,GF_rvhms0_hbm1ch_pdp_2_UP_int_sa_scan_edt_pl_NV,debug_0508_n1_Scanupdate
rv_hms_rvhms0_hbm1ch_pdp_3_UP_int_sa_chain_edt,GF_rvhms0_hbm1ch_pdp_3_UP_int_sa_chain_edt_pl_NV,debug_0508_n1_Scanupdate
rvhms0_hbm1ch_pdp_3_UP_int_sa_scan_edt_pl,GF_rvhms0_hbm1ch_pdp_3_UP_int_sa_scan_edt_pl_NV,debug_0508_n1_Scanupdate
rv_hms_rvhms0_hbm1ch_pdp_4_UP_int_sa_chain_edt,GF_rvhms0_hbm1ch_pdp_4_UP_int_sa_chain_edt_pl_NV,debug_0508_n1_Scanupdate
rvhms0_hbm1ch_pdp_4_UP_int_sa_scan_edt_pl,GF_rvhms0_hbm1ch_pdp_4_UP_int_sa_scan_edt_pl_NV,debug_0508_n1_Scanupdate
rv_hms_rvhms0_hbm1ch_pdp_5_UP_int_sa_chain_edt,GF_rvhms0_hbm1ch_pdp_5_UP_int_sa_chain_edt_pl_NV,debug_0508_n1_Scanupdate
rvhms0_hbm1ch_pdp_5_UP_int_sa_scan_edt_pl,GF_rvhms0_hbm1ch_pdp_5_UP_int_sa_scan_edt_pl_NV,debug_0508_n1_Scanupdate
rv_hms_rvhms0_hbm1ch_pdp_6_UP_int_sa_chain_edt,GF_rvhms0_hbm1ch_pdp_6_UP_int_sa_chain_edt_pl_NV,debug_0508_n1_Scanupdate
rvhms0_hbm1ch_pdp_6_UP_int_sa_scan_edt_pl,GF_rvhms0_hbm1ch_pdp_6_UP_int_sa_scan_edt_pl_NV,debug_0508_n1_Scanupdate
rv_hms_rvhms0_hbm1ch_pdp_7_UP_int_sa_chain_edt,GF_rvhms0_hbm1ch_pdp_7_UP_int_sa_chain_edt_pl_NV,debug_0508_n1_Scanupdate
rvhms0_hbm1ch_pdp_7_UP_int_sa_scan_edt_pl,GF_rvhms0_hbm1ch_pdp_7_UP_int_sa_scan_edt_pl_NV,debug_0508_n1_Scanupdate
rv_hms_rvhms0_hbm1ch_pdp_2_DN_int_sa_chain_edt,GF_rvhms1_hbm1ch_pdp_2_UP_int_sa_chain_edt_pl_NV,debug_0507_pm1_scan
rvhms0_hbm1ch_pdp_4_DN_int_sa_scan_edt_pl,GF_rvhms0_hbm1ch_pdp_4_DN_int_sa_scan_edt_pl_NV,debug_0505_noon_scan
rvhms0_hbm1ch_pdp_5_DN_int_sa_scan_edt_pl,GF_rvhms0_hbm1ch_pdp_5_DN_int_sa_scan_edt_pl_NV,debug_0505_noon_scan
rvhms0_hbm1ch_pdp_6_DN_int_sa_scan_edt_pl,GF_rvhms0_hbm1ch_pdp_6_DN_int_sa_scan_edt_pl_NV,debug_0505_noon_scan
rvhms0_hbm1ch_pdp_7_DN_int_sa_scan_edt_pl,GF_rvhms0_hbm1ch_pdp_7_DN_int_sa_scan_edt_pl_NV,debug_0505_noon_scan
rvhms1_hbm1ch_pdp_0_UP_int_sa_scan_edt_pl,GF_rvhms1_hbm1ch_pdp_0_UP_int_sa_scan_edt_pl_NV,debug_0507_pm1_scan
rvhms1_hbm1ch_pdp_1_UP_int_sa_scan_edt_pl,GF_rvhms1_hbm1ch_pdp_1_UP_int_sa_scan_edt_pl_NV,debug_0507_pm1_scan
rvhms1_hbm1ch_pdp_2_UP_int_sa_scan_edt_pl,GF_rvhms1_hbm1ch_pdp_2_UP_int_sa_scan_edt_pl_NV,debug_0507_pm1_scan
rv_hms_rvhms1_hbm1ch_pdp_3_UP_int_sa_chain_edt,GF_rvhms1_hbm1ch_pdp_3_UP_int_sa_chain_edt_pl_NV,debug_0507_pm1_scan
rvhms1_hbm1ch_pdp_3_UP_int_sa_scan_edt_pl,GF_rvhms1_hbm1ch_pdp_3_UP_int_sa_scan_edt_pl_NV,debug_0507_pm1_scan
rv_hms_rvhms1_hbm1ch_pdp_4_UP_int_sa_chain_edt,GF_rvhms1_hbm1ch_pdp_4_UP_int_sa_chain_edt_pl_NV,debug_0507_pm1_scan
rvhms1_hbm1ch_pdp_4_UP_int_sa_scan_edt_pl,GF_rvhms1_hbm1ch_pdp_4_UP_int_sa_scan_edt_pl_NV,debug_0507_pm1_scan
rv_hms_rvhms1_hbm1ch_pdp_5_UP_int_sa_chain_edt,GF_rvhms1_hbm1ch_pdp_5_UP_int_sa_chain_edt_pl_NV,debug_0507_pm1_scan
rvhms1_hbm1ch_pdp_5_UP_int_sa_scan_edt_pl,GF_rvhms1_hbm1ch_pdp_5_UP_int_sa_scan_edt_pl_NV,debug_0507_pm1_scan
rv_hms_rvhms1_hbm1ch_pdp_6_UP_int_sa_chain_edt,GF_rvhms1_hbm1ch_pdp_6_UP_int_sa_chain_edt_pl_NV,debug_0507_pm1_scan
rvhms1_hbm1ch_pdp_6_UP_int_sa_scan_edt_pl,GF_rvhms1_hbm1ch_pdp_6_UP_int_sa_scan_edt_pl_NV,debug_0507_pm1_scan
rv_hms_rvhms1_hbm1ch_pdp_7_UP_int_sa_chain_edt,GF_rvhms1_hbm1ch_pdp_7_UP_int_sa_chain_edt_pl_NV,debug_0507_pm1_scan
rvhms1_hbm1ch_pdp_7_UP_int_sa_scan_edt_pl,GF_rvhms1_hbm1ch_pdp_7_UP_int_sa_scan_edt_pl_NV,debug_0507_pm1_scan
rv_hms_rvhms1_hbm1ch_pdp_0_DN_int_sa_chain_edt,GF_rvhms1_hbm1ch_pdp_0_DN_int_sa_chain_edt_pl_NV,debug_0505_noon_scan
rvhms1_hbm1ch_pdp_0_DN_int_sa_scan_edt_pl,GF_rvhms1_hbm1ch_pdp_0_DN_int_sa_scan_edt_pl_NV,debug_0505_noon_scan
rv_hms_rvhms1_hbm1ch_pdp_1_DN_int_sa_chain_edt,GF_rvhms1_hbm1ch_pdp_1_DN_int_sa_chain_edt_pl_NV,debug_0505_noon_scan
rvhms1_hbm1ch_pdp_1_DN_int_sa_scan_edt_pl,GF_rvhms1_hbm1ch_pdp_1_DN_int_sa_scan_edt_pl_NV,debug_0505_noon_scan
rv_hms_rvhms1_hbm1ch_pdp_2_DN_int_sa_chain_edt,GF_rvhms1_hbm1ch_pdp_2_DN_int_sa_chain_edt_pl_NV,debug_0505_noon_scan
rvhms1_hbm1ch_pdp_2_DN_int_sa_scan_edt_pl,GF_rvhms1_hbm1ch_pdp_2_DN_int_sa_scan_edt_pl_NV,debug_0505_noon_scan
rv_hms_rvhms1_hbm1ch_pdp_3_DN_int_sa_chain_edt,GF_rvhms1_hbm1ch_pdp_3_DN_int_sa_chain_edt_pl_NV,debug_0505_noon_scan
rvhms1_hbm1ch_pdp_3_DN_int_sa_scan_edt_pl,GF_rvhms1_hbm1ch_pdp_3_DN_int_sa_scan_edt_pl_NV,debug_0505_noon_scan
rv_hms_rvhms1_hbm1ch_pdp_4_DN_int_sa_chain_edt,GF_rvhms1_hbm1ch_pdp_4_DN_int_sa_chain_edt_pl_NV,debug_0505_noon_scan
rvhms1_hbm1ch_pdp_4_DN_int_sa_scan_edt_pl,GF_rvhms1_hbm1ch_pdp_4_DN_int_sa_scan_edt_pl_NV,debug_0505_noon_scan
rv_hms_rvhms1_hbm1ch_pdp_5_DN_int_sa_chain_edt,GF_rvhms1_hbm1ch_pdp_5_DN_int_sa_chain_edt_pl_NV,debug_0505_noon_scan
rvhms1_hbm1ch_pdp_5_DN_int_sa_scan_edt_pl,GF_rvhms1_hbm1ch_pdp_5_DN_int_sa_scan_edt_pl_NV,debug_0505_noon_scan
rv_hms_rvhms1_hbm1ch_pdp_6_DN_int_sa_chain_edt,GF_rvhms1_hbm1ch_pdp_6_DN_int_sa_chain_edt_pl_NV,debug_0505_noon_scan
rvhms1_hbm1ch_pdp_6_DN_int_sa_scan_edt_pl,GF_rvhms1_hbm1ch_pdp_6_DN_int_sa_scan_edt_pl_NV,debug_0505_noon_scan
rv_hms_rvhms1_hbm1ch_pdp_7_DN_int_sa_chain_edt,GF_rvhms1_hbm1ch_pdp_7_DN_int_sa_chain_edt_pl_NV,debug_0505_noon_scan
rvhms1_hbm1ch_pdp_7_DN_int_sa_scan_edt_pl,GF_rvhms1_hbm1ch_pdp_7_DN_int_sa_scan_edt_pl_NV,debug_0505_noon_scan
rv_d2d_rvddew_rici13_pdp_int_sa_chain_edt,GF_rv_d2d_rvddew_rici13_pdp_int_sa_chain_edt_pl_NV,DEBUG_0502_NOON_Scan
rv_d2d_rvddew_rici13_pdp_int_sa_scan_edt,GF_rv_d2d_rvddew_rici13_pdp_int_sa_scan_edt_pl_NV,DEBUG_0502_NOON_Scan
rv_d2d_rvddew_trs_pdp_int_sa_chain_edt,GF_rv_d2d_rvddew_trs_pdp_int_sa_chain_edt_pl_NV,debug_0506_night_Scan
rv_d2d_rvddew_trs_pdp_int_sa_scan_edt,GF_rv_d2d_rvddew_trs_pdp_int_sa_scan_edt_pl_NV,debug_0506_night_Scan
rv_d2d_rvddns_gpio_pdp_1_int_sa_chain_edt,GF_rvddns_gpio_pdp_1_int_sa_chain_edt_pl_NV,debug_0506_night_Scan
rvddns_gpio_pdp_1_int_sa_scan_edt_pl,GF_rvddns_gpio_pdp_1_int_sa_scan_edt_pl_NV,debug_0506_night_Scan
rv_d2d_rvddns_rini_pdp_1_int_sa_chain_edt,GF_rvddns_rini_pdp_1_int_sa_chain_edt_pl_NV,DEBUG_0430_Scan
rvddns_rini_pdp_1_int_sa_scan_edt_pl,GF_rvddns_rini_pdp_1_int_sa_scan_edt_pl_NV,debug_0507_pm1_scan
rv_d2d_rvddns_rici0_pdp_int_sa_chain_edt,GF_rvddns_rici0_pdp_int_sa_chain_edt_pl_NV,DEBUG_0429
rvddns_rici0_pdp_int_sa_scan_edt_pl,GF_rvddns_rici0_pdp_int_sa_scan_edt_pl_NV,DEBUG_0429
rv_d2d_rvddns_rici1_pdp_int_sa_chain_edt,GF_rv_ddns_rvddns_rici1_pdp_int_sa_chain_edt_pl_NV,debug_0516_a1
rvddns_rici1_pdp_int_sa_scan_edt_pl,GF_rvddns_rici1_pdp_int_sa_scan_edt_pl_NV,debug_0507_pm1_scan
rv_rcc_rcc_core0_int_sa_chain_edt,GF_rv_rcc_rcc_core0_int_sa_chain_edt_pl_NV,debug_0516_m1_Scan
rv_rcc_rcc_core0_int_sa_scan_edt,GF_rv_rcc_rcc_core0_int_sa_scan_edt_pl_NV,debug_0516_m1_Scan
rv_rcc_rcc_pmd_int_sa_chain_edt,GF_rv_rcc_rcc_pmd_int_sa_chain_edt_pl_3_NV,debug_0516_m1_Scan
rv_rcc_rcc_pmd_int_sa_scan_edt,GF_rv_rcc_rcc_pmd_int_sa_scan_edt_pl_NV,debug_0516_a1
rv_rcc_rcc_l2c_int_sa_chain_edt,GF_rcc_l2c_int_sa_chain_edt_pl_NV,debug_0509_n1_Scan
rcc_l2c_int_sa_scan_edt_pl,GF_rcc_l2c_int_sa_scan_edt_pl_NV,debug_0509_n1_Scan
rv_rcc_rvf_ftr_int_sa_chain_edt,GF_rvf_ftr_int_sa_chain_edt_pl_NV,debug_0515_m1_scan
rv_rcc_rvf_ftr_int_sa_scan_edt,GF_rvf_ftr_int_sa_scan_edt_pl_NV,debug_0515_m1_scan
rv_rcc_rvf_ldu_top_int_sa_chain_edt,GF_rv_rcc_rvf_ldu_top_int_sa_chain_edt_pl_051625_1_NV,debug_0517_m1
rv_rcc_rvf_ldu_top_int_sa_scan_edt,GF_rv_rcc_rvf_ldu_top_int_sa_scan_edt_pl_051625_1_NV,debug_0517_m1
rv_rcc_rvf_lds_wrap_int_sa_chain_edt,GF_rv_rcc_rvf_lds_wrap_int_sa_chain_edt_pl_NV,debug_0513_m1
rv_rcc_rvf_lds_wrap_int_sa_scan_edt,GF_rv_rcc_rvf_lds_wrap_int_sa_scan_edt_pl_NV,debug_0513_m1